motion_path	parliament_year	false_positives	xml_predicted_signee_count	extra_rate	precision	true_positives	false_negatives	unknown_signature_count	signature_item_count	false_positive_ids	false_positive_names	gold_ids	motion
data/1964/mot-1964--fk--00824.xml	1964	4	4	1.0	0.0	0	2	1	5	i-8Lq2FtVLPjm4ZuNxycmaDK; i-CSGB7BSLWcVycgnbynHD51; i-GLno3eQa9T5zWF3tzFnibf; i-NrbxPf13DGzMk6GuWQTaKk	i-8Lq2FtVLPjm4ZuNxycmaDK (Ivan Svanström); i-CSGB7BSLWcVycgnbynHD51 (Knut Johansson); i-GLno3eQa9T5zWF3tzFnibf (Nils-Eric Gustafsson); i-NrbxPf13DGzMk6GuWQTaKk (Carl Albert Anderson)	i-Uu3ii7QQsF5DRLG8s64oZ8; i-Ya2sXBkHdvFiAX2aAMCu84	https://github.com/swerik-project/riksdagen-motions/blob/main/data/1964/mot-1964--fk--00824.xml
data/1957/mot-1957--fk--00415.xml	1957	3	3	1.0	0.0	0	2	3	6	i-5P9bYmBiudN4V5HJc3cCdi; i-GFTRsNqinZi5u1Qbi8pmh8; i-mNZQ3wQBgCkkcFfgCUwyT	i-5P9bYmBiudN4V5HJc3cCdi (Gunnar Svärd); i-GFTRsNqinZi5u1Qbi8pmh8 (Yngve Nilsson); i-mNZQ3wQBgCkkcFfgCUwyT (Ebbe Ohlsson)	i-N9AjjY11HAeYEZv7pS9mmC; i-VXG8kMCZePBb7hdhGDDpqG	https://github.com/swerik-project/riksdagen-motions/blob/main/data/1957/mot-1957--fk--00415.xml
data/201415/mot-201415-NU-02749.xml	201415	3	3	1.0	0.0	0	1	0	3	i-3YAEMbZXswzuyekFnSxXSF; i-L2jZQY1rmXeXy9EGfsxUKG; i-SQtBtzxQLj4TaXXq9jLy7r	i-3YAEMbZXswzuyekFnSxXSF (Olle Thorell); i-L2jZQY1rmXeXy9EGfsxUKG (Lars Eriksson); i-SQtBtzxQLj4TaXXq9jLy7r (Pia Nilsson)	i-S1jBpohzgG7cgcBjfgN1Fb	https://github.com/swerik-project/riksdagen-motions/blob/main/data/201415/mot-201415-NU-02749.xml
data/1947/mot-1947--ak--00422.xml	1947	2	2	1.0	0.0	0	4	1	3	i-6qNV5dntxbsrdQyVsjxWoW; i-Kv4hUGrgspgE3ZEpZrgHtZ	i-6qNV5dntxbsrdQyVsjxWoW (Folke Kyling); i-Kv4hUGrgspgE3ZEpZrgHtZ (Henry Allard)	i-3F1eUNkWXaMuYwB6Z4eGSH; i-72h2c4CqR4dcDaG6HR3mAB; i-7k8zFFY69k9DVxZJwLskxW; i-V7NiAeWY2Xibey7Z9PGYKr	https://github.com/swerik-project/riksdagen-motions/blob/main/data/1947/mot-1947--ak--00422.xml
data/1968/mot-1968--fk--00735.xml	1968	2	2	1.0	0.0	0	3	3	5	i-4UgQ2nJDsz9iU1xxKcTpmu; i-FcSHwyiPoR4KQVGMkW2y5K	i-4UgQ2nJDsz9iU1xxKcTpmu (Elvy Olsson); i-FcSHwyiPoR4KQVGMkW2y5K (Anna-Lisa Nilsson)	i-DjzMK2q4HBp8SxyHxFkXFq; i-Lr6SgKhYd2CyYMfVp5ZboP; i-S9zAqkxFcyEpCQ17ZA2QJ8	https://github.com/swerik-project/riksdagen-motions/blob/main/data/1968/mot-1968--fk--00735.xml
data/198081/mot-198081--00047.xml	198081	2	2	1.0	0.0	0	14	1	3	i-8Lq2FtVLPjm4ZuNxycmaDK; i-FdvWw4zD2L3JULLMLZP4N7	i-8Lq2FtVLPjm4ZuNxycmaDK (Ivan Svanström); i-FdvWw4zD2L3JULLMLZP4N7 (Kjell A. Mattsson)	i-3kAjBmVsLrV8XDTkSBhmB8; i-4sZMUTZ58TFSSwfWoaTdDi; i-4zgkigyuo3a2meU92gcyAk; i-6TjCaZscDfHaRCMjT3p2wD; i-6V941ptYoLBrpqJyJPSEbT; i-7Uv5b4af4nUb3NuFk7J8yJ; i-9JsxBiraiBoy2MDeoaZACy; i-9P9pMwjrnX38LhidwctarW; i-AnrRW8P2FoZPwmfbQGBp8u; i-HGfALYBg5SLYb8z1er3XK1; i-PQWJzhaevKGbSNtPqoUeSA; i-TtvHecYGhXDKbncEMyzhpQ; i-Un2MPRTWRPWQ7aGPA42b56; i-VYTD8M9CfGigSH3YKEqEEz	https://github.com/swerik-project/riksdagen-motions/blob/main/data/198081/mot-198081--00047.xml
data/1874/mot-1874--ak--00016.xml	1874	1	1	1.0	0.0	0	4	2	3	i-LuFYHhoNXD6PSHzC7CsSDs	i-LuFYHhoNXD6PSHzC7CsSDs (Axel Wilhelm Wigardt)	i-5GqnTURvMSP3hjBB327kuL; i-CWFbCpTNYcEzzAhNPvdKj9; i-Vob6hqQX7xJmVsZEt2LqUi; i-W25G9CwkvEKmT8UAjmJw3U	https://github.com/swerik-project/riksdagen-motions/blob/main/data/1874/mot-1874--ak--00016.xml
data/1875/mot-1875--fk--00044.xml	1875	1	1	1.0	0.0	0	1	0	1	i-Csc7yC4r8hvm8juPSLyuDt	i-Csc7yC4r8hvm8juPSLyuDt (Edvard Frisk)	i-MUyEorK3Jrs76puMnBfwJQ	https://github.com/swerik-project/riksdagen-motions/blob/main/data/1875/mot-1875--fk--00044.xml
data/1876/mot-1876--fk--00014.xml	1876	1	1	1.0	0.0	0	1	1	2	i-BWrrLCo5SxLJXHedGLLCjS	i-BWrrLCo5SxLJXHedGLLCjS (Anders Wallenius)	i-WmTdAfV5HETvBJeXjPDkNq	https://github.com/swerik-project/riksdagen-motions/blob/main/data/1876/mot-1876--fk--00014.xml
data/1883/mot-1883--ak--00044.xml	1883	1	1	1.0	0.0	0	1	2	3	i-3h4JLudD4ghwrTDYsHbDm4	i-3h4JLudD4ghwrTDYsHbDm4 (Ola Andersson)	i-QNVcQXgDqnpMz9845nhFr1	https://github.com/swerik-project/riksdagen-motions/blob/main/data/1883/mot-1883--ak--00044.xml
data/1902/mot-1902--ak--00007.xml	1902	1	1	1.0	0.0	0	1	1	2	i-E92rgqKkvM4kNk9eGmN4Vz	i-E92rgqKkvM4kNk9eGmN4Vz (Magnus Höjer)	i-9My6zQNwR987YADn41a1Q6	https://github.com/swerik-project/riksdagen-motions/blob/main/data/1902/mot-1902--ak--00007.xml
data/1949/mot-1949--ak--00353.xml	1949	1	1	1.0	0.0	0	1	1	2	i-TgGh4sLEipttrpG4XAgn6h	i-TgGh4sLEipttrpG4XAgn6h (Martin Skoglund)	i-KibauNu6CSDswgonTZCuVD	https://github.com/swerik-project/riksdagen-motions/blob/main/data/1949/mot-1949--ak--00353.xml
data/1957/mot-1957--fk--00153.xml	1957	1	1	1.0	0.0	0	2	0	1	i-QvSu31FkrjuHQxA21VW3dr	i-QvSu31FkrjuHQxA21VW3dr (Josef Nord)	i-HSVLs9EuZHSqQ2QS5VoFwi; i-WohT7ca1a7EZGHQCA6XaLU	https://github.com/swerik-project/riksdagen-motions/blob/main/data/1957/mot-1957--fk--00153.xml
data/1962/mot-1962--ak--00494.xml	1962	1	1	1.0	0.0	0	2	1	2	i-SU3GVVoAF9WBfUSn5nRE5m	i-SU3GVVoAF9WBfUSn5nRE5m (Einar Larsson)	i-QXiGidLhFr3yVPmDxRSa4h; i-UgwyXZW5Y9UVnaeQC5yZU8	https://github.com/swerik-project/riksdagen-motions/blob/main/data/1962/mot-1962--ak--00494.xml
data/1964/mot-1964--fk--00576.xml	1964	1	1	1.0	0.0	0	4	1	2	i-QW3U8q9gqCreU8hvXKjp44	i-QW3U8q9gqCreU8hvXKjp44 (Ivar Virgin)	i-DuMmQVGSnykDcj8ZwohCuA; i-Lr6SgKhYd2CyYMfVp5ZboP; i-XnAJTZxq8aH1QaVGLczDrb; i-XxxhK5cXr2wqWtUSsWnphS	https://github.com/swerik-project/riksdagen-motions/blob/main/data/1964/mot-1964--fk--00576.xml
data/1881/mot-1881--ak--00155.xml	1881	8	9	0.8888888888888888	0.1111111111111111	1	0	2	11	i-GzcgHC81WecVydysZueFQ2; i-MbYpLQfZtjn59wD9ia9qcL; i-PpXkS4cgF1EgE9P8Av12WY; i-TYTRLcvnTBCfR2iBbM2cHU; i-Td2yJfZ5Qefi6A4TjBimJr; i-VLvjpdQ5xfXLC5LHymYTQx; i-VuLqMbgdBDWY874zTU3wuB; i-X2XD7JrVM6rYB4vDf23Zsg	i-GzcgHC81WecVydysZueFQ2 (Fredrik Appelberg); i-MbYpLQfZtjn59wD9ia9qcL (Gustaf Burman); i-PpXkS4cgF1EgE9P8Av12WY (Anders Bäckström); i-TYTRLcvnTBCfR2iBbM2cHU (Anton Hellgrén); i-Td2yJfZ5Qefi6A4TjBimJr (Johannes Mörtsell); i-VLvjpdQ5xfXLC5LHymYTQx (Henrik Adolf Widmark); i-VuLqMbgdBDWY874zTU3wuB (Nils Boström); i-X2XD7JrVM6rYB4vDf23Zsg (Hans Fredrik Bergström)	i-F25NVHcBHh8Wvt6w7kLUBA	https://github.com/swerik-project/riksdagen-motions/blob/main/data/1881/mot-1881--ak--00155.xml
data/1967/mot-1967--ak--00704.xml	1967	10	12	0.8333333333333334	0.16666666666666666	2	1	3	16	i-3R2qbKpVQbNv7BvXe7jvcr; i-3R5C8vQo1FXLQaqX7yYqq8; i-4Fpaw3XcFb6Gne8E62mhr1; i-BjNiod8wotUabh41ByfhRU; i-CrKFd8YrUoQVBgUYnwpDY7; i-FoZGPWdjE7CaiMyuRthV17; i-Hg2Wz95RvQx3yUWLWY7d8f; i-LQKP5CDY62YpFZWUbs7QiW; i-QJQMD7isQ7v6yQvCE9CMfC; i-YTMf7Ds7TsUv3tGpFLxE7N	i-3R2qbKpVQbNv7BvXe7jvcr (Anders Dahlgren); i-3R5C8vQo1FXLQaqX7yYqq8 (Leif Cassel); i-4Fpaw3XcFb6Gne8E62mhr1 (Karl Boo); i-BjNiod8wotUabh41ByfhRU (Bo Turesson); i-CrKFd8YrUoQVBgUYnwpDY7 (Astrid Kristensson); i-FoZGPWdjE7CaiMyuRthV17 (Tage Magnusson); i-Hg2Wz95RvQx3yUWLWY7d8f (Carl-Eric Hedin); i-LQKP5CDY62YpFZWUbs7QiW (Gösta Bohman); i-QJQMD7isQ7v6yQvCE9CMfC (Karin Wetterström); i-YTMf7Ds7TsUv3tGpFLxE7N (Rolf Eliasson)	i-ATcwa3wSYttW59H6uu1PFg; i-Af27F1xYCu7PKfDmUgU7Xb; i-BTQHo9TKPt4psovBo1HK4X	https://github.com/swerik-project/riksdagen-motions/blob/main/data/1967/mot-1967--ak--00704.xml
data/1961/mot-1961--ak--00594.xml	1961	4	5	0.8	0.2	1	0	0	5	i-BTQHo9TKPt4psovBo1HK4X; i-BjNiod8wotUabh41ByfhRU; i-CrKFd8YrUoQVBgUYnwpDY7; i-XXihiNpmHWiiceHXeDfC69	i-BTQHo9TKPt4psovBo1HK4X (Hans Nordgren); i-BjNiod8wotUabh41ByfhRU (Bo Turesson); i-CrKFd8YrUoQVBgUYnwpDY7 (Astrid Kristensson); i-XXihiNpmHWiiceHXeDfC69 (Hans Wachtmeister)	i-2mWi9vtkPfa94zF2iziK1h	https://github.com/swerik-project/riksdagen-motions/blob/main/data/1961/mot-1961--ak--00594.xml
data/1955/mot-1955--fk--00249.xml	1955	3	4	0.75	0.25	1	0	0	4	i-2uUNwmjsyRbGEqGQmTMGoq; i-4pbAgoLV1BB3FE92CBZsfH; i-HGZVFFPEcK5naSxY9nQj5C	i-2uUNwmjsyRbGEqGQmTMGoq (Hjalmar Nyström); i-4pbAgoLV1BB3FE92CBZsfH (Lars Andersson); i-HGZVFFPEcK5naSxY9nQj5C (Jakob Grym)	i-BZLHYUpd3pecPJhafTWcP	https://github.com/swerik-project/riksdagen-motions/blob/main/data/1955/mot-1955--fk--00249.xml
data/1966/mot-1966--ak--00894.xml	1966	5	7	0.7142857142857143	0.2857142857142857	2	0	0	7	i-5hWJKAnAs7X9iuugADpXr7; i-81PQrPhnDLAmM1hjWyXu84; i-BzYgGpLotxmsWDEnHPnKgu; i-HW3WbeQFWVwtJaT8RCt2JM; i-UgwyXZW5Y9UVnaeQC5yZU8	i-5hWJKAnAs7X9iuugADpXr7 (Ove Nordstrandh); i-81PQrPhnDLAmM1hjWyXu84 (Blenda Ljungberg); i-BzYgGpLotxmsWDEnHPnKgu (Lennart Mattsson); i-HW3WbeQFWVwtJaT8RCt2JM (Ingrid Gärde Widemar); i-UgwyXZW5Y9UVnaeQC5yZU8 (Elias Jönsson)	i-FREGKa9PtXVgWChpGg3rFi; i-M4NwryA2HF7uey8djEDX9X	https://github.com/swerik-project/riksdagen-motions/blob/main/data/1966/mot-1966--ak--00894.xml
data/1950/mot-1950-höst-ak--00633.xml	1950	4	6	0.6666666666666666	0.3333333333333333	2	1	6	13	i-2HyRdnwNjJfPPeCiQ2cg17; i-BqDGKscaLhUZHhaFFmx5pf; i-Mw31BTf7uoxHTWx5X3k5QD; i-X1b1iB5iFVzYX4NBDGX742	i-2HyRdnwNjJfPPeCiQ2cg17 (Oscar Malmborg); i-BqDGKscaLhUZHhaFFmx5pf (Bertil Ohlin); i-Mw31BTf7uoxHTWx5X3k5QD (Waldemar Svensson); i-X1b1iB5iFVzYX4NBDGX742 (Gottfrid Fröderberg)	i-7QhuQTC8jPCEX5sKzLmV8S; i-AUCKptBWsFh38KS56FBcnz; i-riJfB4CgvG9jt4652TdCv	https://github.com/swerik-project/riksdagen-motions/blob/main/data/1950/mot-1950-höst-ak--00633.xml
data/1963/mot-1963--fk--00548.xml	1963	2	3	0.6666666666666666	0.3333333333333333	1	0	0	3	i-PPWwBLdPREsswAdQfVRE7a; i-PUU7m4zHNmgsoCo9JZxuNX	i-PPWwBLdPREsswAdQfVRE7a (Henrik Åkerlund); i-PUU7m4zHNmgsoCo9JZxuNX (Ragnar Sveningsson)	i-QW3U8q9gqCreU8hvXKjp44	https://github.com/swerik-project/riksdagen-motions/blob/main/data/1963/mot-1963--fk--00548.xml
data/1970/mot-1970--ak--00551.xml	1970	7	11	0.6363636363636364	0.36363636363636365	4	1	2	13	i-3ChvFB2zr9iHy1ZRMn1Ban; i-6PeNM1B9NsCjyScL117vps; i-8aNTXCV4f9MdU7Dz15ZXyB; i-BtszRKWKgFfiTcr2r2Ek6j; i-Fs9KpZYHZp1uu9ioJZkH5D; i-QXiGidLhFr3yVPmDxRSa4h; i-UgwyXZW5Y9UVnaeQC5yZU8	i-3ChvFB2zr9iHy1ZRMn1Ban (Ingemar Mundebo); i-6PeNM1B9NsCjyScL117vps (Sven Gustafson); i-8aNTXCV4f9MdU7Dz15ZXyB (Per Ahlmark); i-BtszRKWKgFfiTcr2r2Ek6j (Sven Wedén); i-Fs9KpZYHZp1uu9ioJZkH5D (Sven Antby); i-QXiGidLhFr3yVPmDxRSa4h (Cecilia Nettelbrandt); i-UgwyXZW5Y9UVnaeQC5yZU8 (Elias Jönsson)	i-Asq7NRpmkGRyqdnCrfGpjH; i-HBefMTHdym5gJ3a1vqK6pr; i-PrsCQ5b3apVhb1mY1YWbbp; i-QUqUmVazVZYgkmCXgYjZgs; i-YbgaAY79FADF32ty9BkkW	https://github.com/swerik-project/riksdagen-motions/blob/main/data/1970/mot-1970--ak--00551.xml
data/1949/mot-1949--fk--00164.xml	1949	2	4	0.5	0.5	2	0	0	4	i-5jvc79PehcxtyUuivZivQ5; i-rxMPrABKBDwfiUwJZxNv7	i-5jvc79PehcxtyUuivZivQ5 (Axel Mannerskantz); i-rxMPrABKBDwfiUwJZxNv7 (Arthur Heiding)	i-LJhRkyGqGFgicSSzZPbftJ; i-LbaEcYWYkiCp7BbTis658r	https://github.com/swerik-project/riksdagen-motions/blob/main/data/1949/mot-1949--fk--00164.xml
data/1961/mot-1961--fk--00181.xml	1961	2	4	0.5	0.5	2	3	2	8	i-EZEtDK9JHw3Gk7dkPLEyuw; i-JJbUecmn3MSCSN2PV2BVLq	i-EZEtDK9JHw3Gk7dkPLEyuw (Carl Johansson); i-JJbUecmn3MSCSN2PV2BVLq (Lars Larsson)	i-76SNFscuEcje1Vek94C3va; i-CbLt4jaPJd5mKjDaGXr293; i-DZnFKHRVhVQYnGq7dU8UeP; i-EUDRv3EqvNVr8K5AXzVcTU; i-Lr6SgKhYd2CyYMfVp5ZboP	https://github.com/swerik-project/riksdagen-motions/blob/main/data/1961/mot-1961--fk--00181.xml
data/1867/mot-1867--fk--00023.xml	1867	1	2	0.5	0.5	1	0	0	2	i-UM8fdU1UJVJ23DcbWqVD9z	i-UM8fdU1UJVJ23DcbWqVD9z (Carl Hammarhjelm)	i-QnzZpk49d9g2M6XVsGFeZi	https://github.com/swerik-project/riksdagen-motions/blob/main/data/1867/mot-1867--fk--00023.xml
data/1875/mot-1875--ak--00067.xml	1875	1	2	0.5	0.5	1	0	1	3	i-MuZZJeVubv6LTYMAZhgoZK	i-MuZZJeVubv6LTYMAZhgoZK (Ragnar Törnebladh)	i-LuFYHhoNXD6PSHzC7CsSDs	https://github.com/swerik-project/riksdagen-motions/blob/main/data/1875/mot-1875--ak--00067.xml
data/1881/mot-1881--ak--00162.xml	1881	1	2	0.5	0.5	1	0	0	2	i-HtqAYT2HofS4owTcoSefFQ	i-HtqAYT2HofS4owTcoSefFQ (Sigge Ljunggren)	i-FErqYyg4ctnxLzmQuzsAZ5	https://github.com/swerik-project/riksdagen-motions/blob/main/data/1881/mot-1881--ak--00162.xml
data/1889/mot-1889--fk--00050.xml	1889	1	2	0.5	0.5	1	0	0	2	i-LkZi3hQne6xsLtDL597mit	i-LkZi3hQne6xsLtDL597mit (Christian Lundeberg)	i-Y9YbqDh3YmC3zyXjWiT1re	https://github.com/swerik-project/riksdagen-motions/blob/main/data/1889/mot-1889--fk--00050.xml
data/1897/mot-1897--fk--00011.xml	1897	1	2	0.5	0.5	1	0	0	2	i-DywAEYAUc8R6SgTtVB1Yyw	i-DywAEYAUc8R6SgTtVB1Yyw (Hjalmar Setterberg)	i-PNvieUM2GWTgmE61U6djzk	https://github.com/swerik-project/riksdagen-motions/blob/main/data/1897/mot-1897--fk--00011.xml
data/1903/mot-1903--ak--00064.xml	1903	1	2	0.5	0.5	1	0	0	2	i-3AJzwm9j6UU8XMvjBy9XjF	i-3AJzwm9j6UU8XMvjBy9XjF (Klas Hugo Bergendahl)	i-WJFUxfoH9MxRGxnHzAMK9D	https://github.com/swerik-project/riksdagen-motions/blob/main/data/1903/mot-1903--ak--00064.xml
data/1911/mot-1911--ak--00088.xml	1911	1	2	0.5	0.5	1	0	1	3	i-8QhUhC7tghVhGLiXuQy6st	i-8QhUhC7tghVhGLiXuQy6st (Sven Palme)	i-2vPqRXUJK7sLEawPeFYaLa	https://github.com/swerik-project/riksdagen-motions/blob/main/data/1911/mot-1911--ak--00088.xml
data/1938/mot-1938--fk--00152.xml	1938	1	2	0.5	0.5	1	0	1	3	i-7h8oALVXjuheXj6Zv4VA5g	i-7h8oALVXjuheXj6Zv4VA5g (Ruben Wagnsson)	i-VqHqFtpMi7Xi5LGov8xWcU	https://github.com/swerik-project/riksdagen-motions/blob/main/data/1938/mot-1938--fk--00152.xml
data/1951/mot-1951--ak--00225.xml	1951	1	2	0.5	0.5	1	1	2	4	i-LhYyN2c3mQaesyUNSPg5Uq	i-LhYyN2c3mQaesyUNSPg5Uq (Olaus Nyberg)	i-PxJkAua7y2xMDdFhtkakAi; i-TW2v8kvC9bB35Jx86j8aCC	https://github.com/swerik-project/riksdagen-motions/blob/main/data/1951/mot-1951--ak--00225.xml
data/1975/mot-1975--00190.xml	1975	1	2	0.5	0.5	1	1	0	2	i-DuMmQVGSnykDcj8ZwohCuA	i-DuMmQVGSnykDcj8ZwohCuA (Bertil Jonasson)	i-Af27F1xYCu7PKfDmUgU7Xb; i-TihcZVivd1iNxtjFf2UaF4	https://github.com/swerik-project/riksdagen-motions/blob/main/data/1975/mot-1975--00190.xml
data/1975/mot-1975--01730.xml	1975	1	2	0.5	0.5	1	1	0	2	i-TPFPkNeAnPLVG6gbmTwyFe	i-TPFPkNeAnPLVG6gbmTwyFe (Gunnar Oscarsson)	i-BTQHo9TKPt4psovBo1HK4X; i-RdtwPwmDryD4dZ2sTKd25K	https://github.com/swerik-project/riksdagen-motions/blob/main/data/1975/mot-1975--01730.xml
data/1972/mot-1972--01545.xml	1972	2	5	0.4	0.6	3	0	0	5	i-2vSoREUgDMM9du3oZhTyJR; i-7oTnqapnshRg18qXWm1AaJ	i-2vSoREUgDMM9du3oZhTyJR (Lars Schött); i-7oTnqapnshRg18qXWm1AaJ (Paul Brundin)	i-8hxDNLW9NgYYqBHg8RCZcj; i-BTQHo9TKPt4psovBo1HK4X; i-FoZGPWdjE7CaiMyuRthV17	https://github.com/swerik-project/riksdagen-motions/blob/main/data/1972/mot-1972--01545.xml
data/1969/mot-1969--fk--00511.xml	1969	3	8	0.375	0.625	5	0	0	8	i-2vSoREUgDMM9du3oZhTyJR; i-4ZEtYkDJVkQzAPzCqTvRYF; i-PUU7m4zHNmgsoCo9JZxuNX	i-2vSoREUgDMM9du3oZhTyJR (Lars Schött); i-4ZEtYkDJVkQzAPzCqTvRYF (Holge Ottosson); i-PUU7m4zHNmgsoCo9JZxuNX (Ragnar Sveningsson)	i-2eSXk1Vkv7uy5sKwa29vbf; i-Fc95WfULHTRVFGndMbh1qx; i-KVp9dph1ZssnqUAC7MH6d3; i-UCYvi6iBMAeLh1SyARGC1i; i-VvrKWHvS5YC9avJn4Jcoqj	https://github.com/swerik-project/riksdagen-motions/blob/main/data/1969/mot-1969--fk--00511.xml
data/1953/mot-1953--fk--00465.xml	1953	1	3	0.3333333333333333	0.6666666666666666	2	0	0	3	i-Fosqa88LPhzc5pdJM2b9et	i-Fosqa88LPhzc5pdJM2b9et (Einar Persson)	i-86UCJVshbB61vRjLxQjFvP; i-GkRjiqpt3WtaJqbS42DPxm	https://github.com/swerik-project/riksdagen-motions/blob/main/data/1953/mot-1953--fk--00465.xml
data/199697/mot-199697-FöU-00049.xml	199697	1	3	0.3333333333333333	0.6666666666666666	2	0	0	3	i-UukxhVrpswE5ADBkFe7Q3V	i-UukxhVrpswE5ADBkFe7Q3V (Jan Björkman)	i-FpZhtERayFHq9rSuxCQ5k5; i-USjy9qPfM1AoHPrniSWX79	https://github.com/swerik-project/riksdagen-motions/blob/main/data/199697/mot-199697-FöU-00049.xml
data/1913/mot-1913--ak--00334.xml	1913	1	4	0.25	0.75	3	1	1	5	i-SBCzBgSFjEvWwT8Uzo139W	i-SBCzBgSFjEvWwT8Uzo139W (Carl Birger Hasselrot)	i-F9ewtPwkU2RmcUUoQ6XRXa; i-JNeKaAfNo39ynSv8f8tbdu; i-KpeDiXpqmHppgJ6ygKRBep; i-Lh9kYcGDBLjeWYgViArsTT	https://github.com/swerik-project/riksdagen-motions/blob/main/data/1913/mot-1913--ak--00334.xml
data/1946/mot-1946--ak--00046.xml	1946	1	4	0.25	0.75	3	0	0	4	i-Q5eDvEJRU74CUef88BpzKH	i-Q5eDvEJRU74CUef88BpzKH (Alarik Hagård)	i-QBpQJ8nzJadauYpnxWcBWH; i-SarBm3kgakASnaHyEe9Rba; i-YC9ASb3D4X3HArthruK9Yt	https://github.com/swerik-project/riksdagen-motions/blob/main/data/1946/mot-1946--ak--00046.xml
data/1962/mot-1962--fk--00070.xml	1962	1	4	0.25	0.75	3	1	0	4	i-Apri7FgXXxnC71KLoUptE9	i-Apri7FgXXxnC71KLoUptE9 (Erik Carlsson)	i-DjzMK2q4HBp8SxyHxFkXFq; i-DuMmQVGSnykDcj8ZwohCuA; i-M4wHZVugBn9h9Kg9ELiKnA; i-XnQDSX294nH3szRa45nm6F	https://github.com/swerik-project/riksdagen-motions/blob/main/data/1962/mot-1962--fk--00070.xml
data/1972/mot-1972--00770.xml	1972	1	4	0.25	0.75	3	0	0	4	i-GLno3eQa9T5zWF3tzFnibf	i-GLno3eQa9T5zWF3tzFnibf (Nils-Eric Gustafsson)	i-5kU1NDcAEm4A68amDSrbNF; i-APdYmA6gEZ5MaLN6tJK7ae; i-BRbSgB6kTjTGkYknyWRHHb	https://github.com/swerik-project/riksdagen-motions/blob/main/data/1972/mot-1972--00770.xml
data/1958/mot-1958-b-fk--00164.xml	1958	1	5	0.2	0.8	4	0	0	9	i-XnAJTZxq8aH1QaVGLczDrb	i-XnAJTZxq8aH1QaVGLczDrb (Sven Sundin)	i-4YQFYCZptEWZxiREjfJbJ6; i-FooDdbstXg6Pqwp431p9Bu; i-Lr6SgKhYd2CyYMfVp5ZboP; i-XxxhK5cXr2wqWtUSsWnphS	https://github.com/swerik-project/riksdagen-motions/blob/main/data/1958/mot-1958-b-fk--00164.xml
data/1974/mot-1974--01552.xml	1974	1	5	0.2	0.8	4	0	0	5	i-BZDMLaDZjTMLecbbyhYS3t	i-BZDMLaDZjTMLecbbyhYS3t (Mats Hellström)	i-3sd3coveTcEfybUorJpXWf; i-NLBMxEvbLF63U4eqdbsfQX; i-T3zCzvNQPV4UWoYeoSQzvf; i-TRnXjwqZqTJWcuZekA2f4r	https://github.com/swerik-project/riksdagen-motions/blob/main/data/1974/mot-1974--01552.xml
data/1905/mot-1905-urtima-fk--00004.xml	1905	1	7	0.14285714285714285	0.8571428571428571	6	54	0	7	i-KzhJSRaBr9JNVkiCURFzgr	i-KzhJSRaBr9JNVkiCURFzgr (Aaby Ericsson)	i-2dY1SGv8Hf9ixu6QkJdDsP; i-458Xitx1rMUDzu6Nz48nrJ; i-4QmvMZkdVwHxUNSzFz7zzs; i-5581gcEvQGbiMJEyEKV6yh; i-5haQvBqofmVv7uAtDuavic; i-5m7eXbqSoKZzWQ41W9boXX; i-6oRamg3DcU6q3ybLVDX2pR; i-7QiMQk25eeqJqnZvPQk62u; i-7TJqANjbrgd7SVhZMKk9xF; i-87LPANBiBX7wLgJ4qtMBss; i-8Rh26BWHsu23CsDhDYmcE9; i-8VsfxTDe2G4GaxT4mL9cj9; i-8yGuNy24hvMd2Z2td7mHze; i-A5JQXuHfaRp4u95HrYD9gd; i-BRVDAnCnib83pYossDYwRa; i-C9K2zQhbi7bGUXtbQLDqku; i-CjSFC5KzVjviPvMWRXCbe6; i-Co7CHUvCQqnWiD6XBtunA3; i-D7KfkW1nDvvN3JwmiZtbX5; i-DGMnBps2wUrSusm54kdoY7; i-DrXSPzMYgVV6atUHfgBSF4; i-EFg8HwcKJoaLpGz6Y9q9aW; i-Er61oaczszUgxR1FzN9neP; i-FFyGhg7yDLhat7YPoNLzaH; i-FQJJCrSL887VqdEgWRuCYj; i-FSJ4kw3boEHgUkPEAcBMPU; i-FTiFt8AALJDsUjHZcZEDSH; i-Fnu186BGHvvTJDuB7t6zMb; i-G1xzyAPjWuB2rB8kWLGUve; i-GX7BNu6JdpkCkLvrx2oYRe; i-GiW7zxnS4J1KGakxdFC177; i-GkkQbto5JYXvdSs1bs6RLo; i-HqRXpcNvVcpAFSfTDWhdNx; i-JCyzttMVkJyC3MktTPBWrC; i-KrDgdZwFvbfz2DRQDX9Aw6; i-LEiVmuJS3qfxU5P3M3NMxf; i-Lm3eE3F9Uin1JPz2edLpYC; i-PNvieUM2GWTgmE61U6djzk; i-PpnCjvomNLjsJprvA7oC4i; i-QvQF7Es6NnMXfNhoeCLJL2; i-R5nrkYVYWRipCGrS8PAyUz; i-SUicGYDDyHF8pDkbccXJwW; i-SbYnBCjoFEsouNvrLVZ1J2; i-Snz4JyGqut3x8YoNGkcqwt; i-T5TQTo1x9KZiCNRXHysUZG; i-T5fFgQ73BhXWChgostnu9w; i-TXTMjmW8M6sutYxwmKpuaD; i-TwHRimW4qHP6qKGd2peE57; i-U1HgHsSCQwRnuUvdRGojU4; i-UDziRjgcxgNjFct4MavzVQ; i-Uh4cCK1LpYUrgkGNfFiCKh; i-W8sBcvRsddpMCiVmEeekWs; i-WS6avHnstrES8AWCVeqaD9; i-Wjs7vhiqPDs5DWBCyXkc77; i-YBeHR1zEBPMM35nMEreTz; i-YFmh6ABc2GTvHAkuL7pFAP; i-YQ6g7JsKJpiQK8dbyD7FQo; i-YQVJCQSW4NWPJmxYfGu3f9; i-YSW8Kg6NVNWR81nXxwY7Pw; i-YVqWZSiikwY2UYC3gt2RvM	https://github.com/swerik-project/riksdagen-motions/blob/main/data/1905/mot-1905-urtima-fk--00004.xml
data/1936/mot-1936--ak--00594.xml	1936	1	7	0.14285714285714285	0.8571428571428571	6	2	1	8	i-CMoRRNd5mmMNzLy51CkWv4	i-CMoRRNd5mmMNzLy51CkWv4 (Gunnar Falla)	i-8e97Z8CH9cGtDJXCnfJMMg; i-Bwox3EjKfvDRkzWdd46vzA; i-CYXB5gc8UwhvnW3jqhdnoq; i-P9uAUSLTPeppBWCVZui5CW; i-RZvCDDC9zwyuV3rH48onze; i-SfDZtdC5fgukcXJsiu8J9U; i-TgGh4sLEipttrpG4XAgn6h; i-V7ccB7n8KQvCDssB4XYWTN	https://github.com/swerik-project/riksdagen-motions/blob/main/data/1936/mot-1936--ak--00594.xml
data/1973/mot-1973--00268.xml	1973	1	8	0.125	0.875	7	1	1	9	i-QoeFZWNQgLDU6t6B6RuPtd	i-QoeFZWNQgLDU6t6B6RuPtd (Daniel Wiklund)	i-6V941ptYoLBrpqJyJPSEbT; i-FPpfM5ZVv1R5M45zNkpLUZ; i-HkRfm34QRnYJtBXctyaMk; i-MJi2EpNpLStR2Rke7Db78j; i-NnnjpbjTFUH5mHJLVXoKZ1; i-TLnEcKgBYha1pdFTVEbAvk; i-TkQYUfaqKqtshh9bgzavdb; i-UcWQ1kahuDDDAVPWeSNvC7	https://github.com/swerik-project/riksdagen-motions/blob/main/data/1973/mot-1973--00268.xml
data/199293/mot-199293-UU-00623.xml	199293	1	8	0.125	0.875	7	0	0	8	i-Kytbd3WZfQeKTPffXjTEpk	i-Kytbd3WZfQeKTPffXjTEpk (Eva Zetterberg)	i-5q7m7rZyufN9RHaGjB6GHh; i-LzYBGnvuhNHdQ7LQKPA6UJ; i-PTwgnmFQaFTXvr8SByLQzu; i-QCRg2KTsg7cQV6CGsVeAfY; i-QRDnfz9zaiXo7A1SpAi1dM; i-WvrkgGMVWbiVxVoPqgJuEF; i-rrg9t2XUkHE4iAjAykgpb	https://github.com/swerik-project/riksdagen-motions/blob/main/data/199293/mot-199293-UU-00623.xml
data/1900/mot-1900--ak--00151.xml	1900	1	9	0.1111111111111111	0.8888888888888888	8	6	5	14	i-TacmzADgTQdMWZvbdHxmSf	i-TacmzADgTQdMWZvbdHxmSf (Wilhelm R. Lundgren)	i-2ajxL1uZzxQsvJXngW96hD; i-3FXDiNFhMaD2xtLwqRVLbs; i-5wWRJAXfVgvuneH3sdAR6w; i-6WG5sy3umvRtHKftBHDXCs; i-8PVe98F8qyBcQbdgnawnR4; i-CJrCTNjx52Xn65aijhiykK; i-GbhiuQPNmKizBowZVk5os8; i-JEgc1aAvpjdwHjnsG3nTk5; i-M3KsriBtBmH4v2DUpjuGUU; i-R9MyGXJGkxUW6BDGZnaPCF; i-S5mRUGGT3RXeRgMjsKf4P4; i-Shx8s54ySb2pPVzcDRXmxN; i-SuBtdXciX6FHNe1ctVkGSc; i-X7kXqhE1n1PkiMA2ijiw2b	https://github.com/swerik-project/riksdagen-motions/blob/main/data/1900/mot-1900--ak--00151.xml
data/1944/mot-1944--ak--00160.xml	1944	1	11	0.09090909090909091	0.9090909090909091	10	5	1	12	i-S9dMiL9yRpDaYPfVGjK1Gp	i-S9dMiL9yRpDaYPfVGjK1Gp (Elis Håstad)	i-31zN39xumu2faEuBMxwB3B; i-5jwrBzpJ3kKsBsRMvCWs2N; i-5osNtGH86UU6wEyus1VLp2; i-7x3nPBLpeHFQLKxv7KF7Sf; i-AWLNBm49upAvWc2G2jYeiD; i-DfcqLG9Ux1Nu6mMoqrKYpQ; i-Dzc5xrZoX6PeTCJ7wgLJxy; i-N5YkLzCrZQG9BDuRnb7biZ; i-QBpQJ8nzJadauYpnxWcBWH; i-Rv9aHnFJh2azV9pZTjG2yC; i-SarBm3kgakASnaHyEe9Rba; i-VRK4jvXteD5oQpqXgdmTs6; i-Vphq1Qi611uoHeM3fp2TeA; i-WFsuJWdVKk2ypGbGB5owQJ; i-XvpBFhfR9SDB1i9KLCmqX2	https://github.com/swerik-project/riksdagen-motions/blob/main/data/1944/mot-1944--ak--00160.xml
data/197778/mot-197778--01194.xml	197778	1	12	0.08333333333333333	0.9166666666666666	11	0	0	12	i-EMrT8Jq3dLhMVxxy5ibzUJ	i-EMrT8Jq3dLhMVxxy5ibzUJ (Maj Britt Theorin)	i-23owrgiLSgQRynhwKe5Tja; i-75iw9fVLnLtbGpLEsLFMc2; i-7gSKVFq5GsgutoVdRQPtCt; i-BAQZQCwvaeCDiXjeD54AnV; i-BDUhpvcffbkaomdPDBeK8T; i-BZDMLaDZjTMLecbbyhYS3t; i-GCJVTREcJGRyYmFdeMbNaN; i-Lkg3MQXCDMYPsbxniPuAxt; i-RvSFfZMiX66J8kUq7BXdHW; i-SQty3xFzeq6gqZzUtKRbW9; i-TRnXjwqZqTJWcuZekA2f4r	https://github.com/swerik-project/riksdagen-motions/blob/main/data/197778/mot-197778--01194.xml
data/1935/mot-1935--ak--00368.xml	1935	1	19	0.05263157894736842	0.9473684210526315	18	8	13	32	i-KwHwxj5zEpDUoZ2yNLrmX8	i-KwHwxj5zEpDUoZ2yNLrmX8 (Henric Gahn)	i-1xpn4vGAnPTUV3FuyR27z; i-49Rvc53FLRxQqqUSrx5ovT; i-4SirJAx3wfDW3MXsNZZfGj; i-6BUT7qfDzNjtQ6zrctx2rm; i-9jbeXPGrQfxx5oSytp9bfF; i-A8WYbyYxrhjfUex6Z8WMVq; i-AJXktptSRuni1fw754JqsT; i-AWnCXGKxBPDN7gJVRfodvt; i-DyZDeJHPADf8949NFr7LUq; i-EKaDexh9v9nEiz9rz9MXY2; i-GhQReVwv9ZB6vkKJp4vXH2; i-HiVV5oHUvJvLx8V2dQFLFu; i-HrZsKAqAFtubE4g6dXmo5N; i-JrEd2KBBm96vKhxHDyPGym; i-KjXCxQFmtvPac62A2kckSm; i-LGFpRQHZwRPA2XMLm3gyL3; i-LJhRkyGqGFgicSSzZPbftJ; i-PKgmTs8oN8k9vBBV2361YW; i-S8aCynzawb1F4NqNExnsVg; i-V2gYZ8XERX96ZTpdHjKDHk; i-V7NiAeWY2Xibey7Z9PGYKr; i-WGZBix5L8xWxVCoJgUxzZP; i-WtGqPEB6HFcwThC62uUkYN; i-Ww8VV8hxCYiEXY5qDTZs5Z; i-Xqo83uEfAGu6C7HdvFMFwx; i-rxMPrABKBDwfiUwJZxNv7	https://github.com/swerik-project/riksdagen-motions/blob/main/data/1935/mot-1935--ak--00368.xml
