motion_path	parliament_year	false_negatives	gold_signee_count	miss_rate	coverage	true_positives	false_positives	unknown_signature_count	signature_item_count	false_negative_ids	false_negative_names	xml_predicted_ids	motion
data/1891/mot-1891--ak--00046.xml	1891	37	37	1.0	0.0	0	0	1	1	i-2ASB6DoU1XW9sV8ZGbcxey; i-2VZTfC47GBddiryCh2CpHE; i-5Yh6HBknHoPtKFgLtpMaDp; i-6GAocgVxQ6jiDDMLZHLu3d; i-6nb5Nksypt5HiLFAGwZTw3; i-7DD9UiYqJkTfq9tkRcCA2k; i-831weVJUgdkHmNJ3qar1qk; i-8pbX6LRKzxvUdbXMazCxto; i-9wuGFV27d4wT614qHyapco; i-Ao65QGy15CSfY5Bs93ui2H; i-B1SwupwM9QjXTLJUdzWAMP; i-BqxiGcrvRSyw7vSVD9ghzT; i-CFgTG42GDu6i8infTbEfdz; i-CPfUdQUFStbLWNfMwcYqBw; i-CRg57QyeX8aiXhez3Dk7Ai; i-CvE9G8tRKYnVxdnpwQtaEa; i-CyRoxEq2KbDs42MtkNnNiv; i-DaGNzDugnyRMkYYfAo2AZy; i-ERiVJNFmpgUdsS9YuT6kpg; i-ESAm1DKfv3KraeQ1CSiwmq; i-Hyqvgdf3ZjCXhRaGtAsh5V; i-JSD38mWT7YyULoZeavmfbP; i-Jux87Y67Kxg3c73zqd7Xud; i-LQv7xeJqieeAUann5fmxiL; i-LZdMKNSEVGNKsWS2UasAi3; i-M3ZXFztHLDDpAd9W9omcqs; i-M8iT3fNaEahQCDyU7KD4Xo; i-N6Keb2NhChtqLkNGdsJVHC; i-PPQzQpjxJgK9T8oVftkuFD; i-Q9NZspFD2eAfFJcRFPWqM; i-StedJdxnLqw4NbNmZQ7ibE; i-TYTRLcvnTBCfR2iBbM2cHU; i-UoV3vX6cKBePnhvLmRZwB; i-Xb3C5Vr1Nuk3LEZVCSNSgM; i-Xdy8t5sLfraMuoGMNLMKVs; i-Xe7y1HUKo3cwvjoGKibVwZ; i-YazX28KdBe9qGR8fKzRszT	i-2ASB6DoU1XW9sV8ZGbcxey (Ivar Månsson); i-2VZTfC47GBddiryCh2CpHE (Halvar Eriksson); i-5Yh6HBknHoPtKFgLtpMaDp (Gustaf Olsson); i-6GAocgVxQ6jiDDMLZHLu3d (Nils Nilsson); i-6nb5Nksypt5HiLFAGwZTw3 (August Henricson); i-7DD9UiYqJkTfq9tkRcCA2k (Stormats Mathias Olsson); i-831weVJUgdkHmNJ3qar1qk (Per Holm); i-8pbX6LRKzxvUdbXMazCxto (Alfred Kihlberg); i-9wuGFV27d4wT614qHyapco (Carl Gustaf Bruce); i-Ao65QGy15CSfY5Bs93ui2H (Karl Holmgren); i-B1SwupwM9QjXTLJUdzWAMP (Anders Hansson); i-BqxiGcrvRSyw7vSVD9ghzT (Sven Nilsson); i-CFgTG42GDu6i8infTbEfdz (Anders Olsson); i-CPfUdQUFStbLWNfMwcYqBw (Nils Persson); i-CRg57QyeX8aiXhez3Dk7Ai (Werner von Schwerin); i-CvE9G8tRKYnVxdnpwQtaEa (Jöns Bengtsson); i-CyRoxEq2KbDs42MtkNnNiv (Anders Andersson); i-DaGNzDugnyRMkYYfAo2AZy (Hans Andersson); i-ERiVJNFmpgUdsS9YuT6kpg (Christian Bülow); i-ESAm1DKfv3KraeQ1CSiwmq (Pehr Pehrson); i-Hyqvgdf3ZjCXhRaGtAsh5V (Carl Johansson); i-JSD38mWT7YyULoZeavmfbP (Olof Anderson); i-Jux87Y67Kxg3c73zqd7Xud (Emil Olsson); i-LQv7xeJqieeAUann5fmxiL (Nils Åkesson); i-LZdMKNSEVGNKsWS2UasAi3 (Gunnar Eriksson); i-M3ZXFztHLDDpAd9W9omcqs (Nils Nilsson); i-M8iT3fNaEahQCDyU7KD4Xo (Anders Persson); i-N6Keb2NhChtqLkNGdsJVHC (Magnus Andersson); i-PPQzQpjxJgK9T8oVftkuFD (Jöns Bromée); i-Q9NZspFD2eAfFJcRFPWqM (Ola Bosson Olsson); i-StedJdxnLqw4NbNmZQ7ibE (Carl Persson); i-TYTRLcvnTBCfR2iBbM2cHU (Anton Hellgrén); i-UoV3vX6cKBePnhvLmRZwB (Mårten Dahn); i-Xb3C5Vr1Nuk3LEZVCSNSgM (Lars Persson); i-Xdy8t5sLfraMuoGMNLMKVs (Per Truedsson); i-Xe7y1HUKo3cwvjoGKibVwZ (Olof Olson); i-YazX28KdBe9qGR8fKzRszT (Per Norberg)		https://github.com/swerik-project/riksdagen-motions/blob/main/data/1891/mot-1891--ak--00046.xml
data/1925/mot-1925--ak--00174.xml	1925	20	20	1.0	0.0	0	0	2	2	i-2tbdBcby74PFaeUyCBPwWD; i-3DLEKns8xgJB66t2ZrR5T6; i-3pPDWXfF3wxyAxqygpDKiJ; i-6kUUa46exahjtEtVcbrJBo; i-7h8oALVXjuheXj6Zv4VA5g; i-B5Mnjpt8rqBfGh6JQ4dcyz; i-FCMnpjWTxQ3MKDCVHqbnHZ; i-FM6MMcusGpk6ZPWpXeYthr; i-GXdR2EaK5rsF4FXRtSg17k; i-JC4yT43VjuXRRqfGmkRoTB; i-N5TSABLbZXAKm9PLjFxT53; i-Niq4WHb47qWzpgYWbjAE2Y; i-PViGBm6bvNM72xgLPe6DPy; i-QNtjoW5Vxzee49kvmSyDsT; i-RfZ8Cxmm4mGNUCys8QXb7s; i-RxtwEnxL6w2WnGDrBRqde2; i-VAMU813hn5oo8CeeRvxacA; i-ViqdoaJZjEkNmETR2XoKpB; i-XD5q9S6mMdHF4YeAdX1eSp; i-XYYWDqwaMDuNe4nzR1T3aQ	i-2tbdBcby74PFaeUyCBPwWD (Helmer Molander); i-3DLEKns8xgJB66t2ZrR5T6 (Fabian Månsson); i-3pPDWXfF3wxyAxqygpDKiJ (Erik Fast); i-6kUUa46exahjtEtVcbrJBo (Ivar Englund); i-7h8oALVXjuheXj6Zv4VA5g (Ruben Wagnsson); i-B5Mnjpt8rqBfGh6JQ4dcyz (Fredrik Sundström); i-FCMnpjWTxQ3MKDCVHqbnHZ (Per Granath); i-FM6MMcusGpk6ZPWpXeYthr (Julius Hedvall); i-GXdR2EaK5rsF4FXRtSg17k (Conrad Jonsson); i-JC4yT43VjuXRRqfGmkRoTB (Ivar Vennerström); i-N5TSABLbZXAKm9PLjFxT53 (Carl Johan Högström); i-Niq4WHb47qWzpgYWbjAE2Y (Carl Brännberg); i-PViGBm6bvNM72xgLPe6DPy (Herman Norling); i-QNtjoW5Vxzee49kvmSyDsT (Anders Andersson); i-RfZ8Cxmm4mGNUCys8QXb7s (Elof Lindberg); i-RxtwEnxL6w2WnGDrBRqde2 (Karl Ward); i-VAMU813hn5oo8CeeRvxacA (Mauritz Västberg); i-ViqdoaJZjEkNmETR2XoKpB (Nils Olsson); i-XD5q9S6mMdHF4YeAdX1eSp (Harald Hallén); i-XYYWDqwaMDuNe4nzR1T3aQ (August Wilhelm Pettersson)		https://github.com/swerik-project/riksdagen-motions/blob/main/data/1925/mot-1925--ak--00174.xml
data/198081/mot-198081--00047.xml	198081	14	14	1.0	0.0	0	2	1	3	i-3kAjBmVsLrV8XDTkSBhmB8; i-4sZMUTZ58TFSSwfWoaTdDi; i-4zgkigyuo3a2meU92gcyAk; i-6TjCaZscDfHaRCMjT3p2wD; i-6V941ptYoLBrpqJyJPSEbT; i-7Uv5b4af4nUb3NuFk7J8yJ; i-9JsxBiraiBoy2MDeoaZACy; i-9P9pMwjrnX38LhidwctarW; i-AnrRW8P2FoZPwmfbQGBp8u; i-HGfALYBg5SLYb8z1er3XK1; i-PQWJzhaevKGbSNtPqoUeSA; i-TtvHecYGhXDKbncEMyzhpQ; i-Un2MPRTWRPWQ7aGPA42b56; i-VYTD8M9CfGigSH3YKEqEEz	i-3kAjBmVsLrV8XDTkSBhmB8 (Maj-Lis Lööw); i-4sZMUTZ58TFSSwfWoaTdDi (Lennart Pettersson); i-4zgkigyuo3a2meU92gcyAk (Anita Johansson); i-6TjCaZscDfHaRCMjT3p2wD (Bo Södersten); i-6V941ptYoLBrpqJyJPSEbT (Olle Westberg); i-7Uv5b4af4nUb3NuFk7J8yJ (Catarina Rönnung); i-9JsxBiraiBoy2MDeoaZACy (Hagar Normark); i-9P9pMwjrnX38LhidwctarW (Egon Jacobsson); i-AnrRW8P2FoZPwmfbQGBp8u (Arne Gadd); i-HGfALYBg5SLYb8z1er3XK1 (Curt Boström); i-PQWJzhaevKGbSNtPqoUeSA (Valter Kristenson); i-TtvHecYGhXDKbncEMyzhpQ (Bo Forslund); i-Un2MPRTWRPWQ7aGPA42b56 (Rune Carlstein); i-VYTD8M9CfGigSH3YKEqEEz (Erik Wärnberg)	i-8Lq2FtVLPjm4ZuNxycmaDK; i-FdvWw4zD2L3JULLMLZP4N7	https://github.com/swerik-project/riksdagen-motions/blob/main/data/198081/mot-198081--00047.xml
data/1904/mot-1904--ak--00151.xml	1904	13	13	1.0	0.0	0	0	1	1	i-4R2KEQAwfYsX1osXqxZ66T; i-5YeVw64y97GEawvX93x6P5; i-5c9mfR236xt4zVBBWJTpNn; i-5wWRJAXfVgvuneH3sdAR6w; i-9FaEFPLt3oQFHYZzfytdP2; i-9wN2nfyUfzSDZicp5e3dkR; i-CstbzCQGy4imdVSWZesSu; i-DQ9MiFCTqXqDgv4LnUitVT; i-EZgzHXqRzCH5Uq63fALDeS; i-GbhiuQPNmKizBowZVk5os8; i-JEgc1aAvpjdwHjnsG3nTk5; i-Q2P8tFSZepYKH7UCJjpycJ; i-TjTXd1BhNmQYR6chLowerA	i-4R2KEQAwfYsX1osXqxZ66T (Henrik Hedlund); i-5YeVw64y97GEawvX93x6P5 (Ernst Carlson); i-5c9mfR236xt4zVBBWJTpNn (Herman Andersson); i-5wWRJAXfVgvuneH3sdAR6w (Karl Karlsson); i-9FaEFPLt3oQFHYZzfytdP2 (Erik Wijk); i-9wN2nfyUfzSDZicp5e3dkR (Hugo Segerdahl); i-CstbzCQGy4imdVSWZesSu (Oskar Berg); i-DQ9MiFCTqXqDgv4LnUitVT (Paul Hellström); i-EZgzHXqRzCH5Uq63fALDeS (Knut von Geijer); i-GbhiuQPNmKizBowZVk5os8 (Johan Nydahl); i-JEgc1aAvpjdwHjnsG3nTk5 (Anders Thylander); i-Q2P8tFSZepYKH7UCJjpycJ (Cornelius Faxe); i-TjTXd1BhNmQYR6chLowerA (Rudolf Ekholm)		https://github.com/swerik-project/riksdagen-motions/blob/main/data/1904/mot-1904--ak--00151.xml
data/1949/mot-1949--fk--00111.xml	1949	13	13	1.0	0.0	0	0	0	0	i-6GsafLogg26vz1fwk1RD5X; i-BytdFfh3YuhnvkuEUjKtkY; i-E9aScmhjijhnqjzEW3KgLJ; i-FNvUq6siEkjKMWmKLJgUz1; i-FooDdbstXg6Pqwp431p9Bu; i-HCwEBLHjvaPyUHpWDFDcMz; i-JYrP81br94CzALKBPuUgFA; i-KyDG5utQmSAidq3exNCrZk; i-LASmHrbJnU6cgbkm7wkovE; i-Nv3mVEtdkyLKd6ob3bcAA1; i-Ry79up6brcPYr8wj2XgxHz; i-S8aCynzawb1F4NqNExnsVg; i-Ww8VV8hxCYiEXY5qDTZs5Z	i-6GsafLogg26vz1fwk1RD5X (Ivar Nilzon); i-BytdFfh3YuhnvkuEUjKtkY (Gunnar Lodenius); i-E9aScmhjijhnqjzEW3KgLJ (Sten Wahlund); i-FNvUq6siEkjKMWmKLJgUz1 (Karl Persson); i-FooDdbstXg6Pqwp431p9Bu (Ivar Persson); i-HCwEBLHjvaPyUHpWDFDcMz (Erik von Heland); i-JYrP81br94CzALKBPuUgFA (John Gustavson); i-KyDG5utQmSAidq3exNCrZk (Olof Pålsson); i-LASmHrbJnU6cgbkm7wkovE (Bror Nilsson); i-Nv3mVEtdkyLKd6ob3bcAA1 (Fritiof Karlsson); i-Ry79up6brcPYr8wj2XgxHz (Gärda Svensson); i-S8aCynzawb1F4NqNExnsVg (Otto Niklasson); i-Ww8VV8hxCYiEXY5qDTZs5Z (Gustav Andersson)		https://github.com/swerik-project/riksdagen-motions/blob/main/data/1949/mot-1949--fk--00111.xml
data/1945/mot-1945--ak--00070.xml	1945	7	7	1.0	0.0	0	0	0	0	i-JakM4wBhrw5yCg8hj5n7GM; i-MXZLbf93D8sNNjc8yebEXt; i-Mw31BTf7uoxHTWx5X3k5QD; i-P8ZPJ9p6xnoWgmQpdcndL3; i-PJ95RBBNwg7dza9xBXoQMV; i-PxJkAua7y2xMDdFhtkakAi; i-RkvKy7yomEBZCYRG5fCKH3	i-JakM4wBhrw5yCg8hj5n7GM (Carl Olof Carlsson); i-MXZLbf93D8sNNjc8yebEXt (Birger Utbult); i-Mw31BTf7uoxHTWx5X3k5QD (Waldemar Svensson); i-P8ZPJ9p6xnoWgmQpdcndL3 (Erik Johansson); i-PJ95RBBNwg7dza9xBXoQMV (Gösta Andersson); i-PxJkAua7y2xMDdFhtkakAi (Wiktor Mårtensson); i-RkvKy7yomEBZCYRG5fCKH3 (Ernst Staxäng)		https://github.com/swerik-project/riksdagen-motions/blob/main/data/1945/mot-1945--ak--00070.xml
data/1886/mot-1886--ak--00036.xml	1886	5	5	1.0	0.0	0	0	1	1	i-3sN9DMuKUv4qbPVAGpgpoG; i-L9x9NkF1idfQrSZjXw8xc1; i-Lq454nVDYrDHNLUERQsYDn; i-Qdz4d8Ykv3zsRZVZxrcte1; i-TG7FNMEqNgriHtpUnpX6DL	i-3sN9DMuKUv4qbPVAGpgpoG (Hugo Arwidsson); i-L9x9NkF1idfQrSZjXw8xc1 (Olof Ahlström); i-Lq454nVDYrDHNLUERQsYDn (Johan Sjöberg); i-Qdz4d8Ykv3zsRZVZxrcte1 (Adolf Hedin); i-TG7FNMEqNgriHtpUnpX6DL (Anders Peter Trybom)		https://github.com/swerik-project/riksdagen-motions/blob/main/data/1886/mot-1886--ak--00036.xml
data/1965/mot-1965--ak--00891.xml	1965	5	5	1.0	0.0	0	0	1	1	i-BHdk6r4gSueHaCjF4xQ9BW; i-E9aScmhjijhnqjzEW3KgLJ; i-JzFnmTZvh2HBnWRxpGWm5p; i-KY2qFJXpwf6GTtVoW7mKo8; i-McqtqKBwTgYornj9cNC5hS	i-BHdk6r4gSueHaCjF4xQ9BW (Gunnar Larsson); i-E9aScmhjijhnqjzEW3KgLJ (Sten Wahlund); i-JzFnmTZvh2HBnWRxpGWm5p (Gustaf Svensson); i-KY2qFJXpwf6GTtVoW7mKo8 (Lars Eliasson); i-McqtqKBwTgYornj9cNC5hS (Harald Larsson)		https://github.com/swerik-project/riksdagen-motions/blob/main/data/1965/mot-1965--ak--00891.xml
data/1874/mot-1874--ak--00016.xml	1874	4	4	1.0	0.0	0	1	2	3	i-5GqnTURvMSP3hjBB327kuL; i-CWFbCpTNYcEzzAhNPvdKj9; i-Vob6hqQX7xJmVsZEt2LqUi; i-W25G9CwkvEKmT8UAjmJw3U	i-5GqnTURvMSP3hjBB327kuL (Gustaf Hæggström); i-CWFbCpTNYcEzzAhNPvdKj9 (Olof Nilsson); i-Vob6hqQX7xJmVsZEt2LqUi (Leonard Fahlander); i-W25G9CwkvEKmT8UAjmJw3U (Carl Erik Hjelm)	i-LuFYHhoNXD6PSHzC7CsSDs	https://github.com/swerik-project/riksdagen-motions/blob/main/data/1874/mot-1874--ak--00016.xml
data/1890/mot-1890--ak--00045.xml	1890	4	4	1.0	0.0	0	0	1	1	i-2QcpwTvuvuHLaCWaSG33nF; i-8pbX6LRKzxvUdbXMazCxto; i-Ao65QGy15CSfY5Bs93ui2H; i-BpjQbCyD87dfhoTPHChrGZ	i-2QcpwTvuvuHLaCWaSG33nF (Lars Mallmin); i-8pbX6LRKzxvUdbXMazCxto (Alfred Kihlberg); i-Ao65QGy15CSfY5Bs93ui2H (Karl Holmgren); i-BpjQbCyD87dfhoTPHChrGZ (Jan Eliasson)		https://github.com/swerik-project/riksdagen-motions/blob/main/data/1890/mot-1890--ak--00045.xml
data/1896/mot-1896--ak--00174.xml	1896	4	4	1.0	0.0	0	0	1	1	i-2kLR1QFBRK4TzA8EaYwdB4; i-ESAm1DKfv3KraeQ1CSiwmq; i-EpGkoMNMbkRJY15jN8HtRn; i-LzAkAb8hM4738RATfMA7Wt	i-2kLR1QFBRK4TzA8EaYwdB4 (Edvard Svensson); i-ESAm1DKfv3KraeQ1CSiwmq (Pehr Pehrson); i-EpGkoMNMbkRJY15jN8HtRn (Nils Jönsson); i-LzAkAb8hM4738RATfMA7Wt (Sven Arnoldsson)		https://github.com/swerik-project/riksdagen-motions/blob/main/data/1896/mot-1896--ak--00174.xml
data/1903/mot-1903--ak--00101.xml	1903	4	4	1.0	0.0	0	0	1	1	i-2ASB6DoU1XW9sV8ZGbcxey; i-KLVdWuEH3iyC7Ws5pZeVNK; i-PPQzQpjxJgK9T8oVftkuFD; i-StedJdxnLqw4NbNmZQ7ibE	i-2ASB6DoU1XW9sV8ZGbcxey (Ivar Månsson); i-KLVdWuEH3iyC7Ws5pZeVNK (Daniel Persson); i-PPQzQpjxJgK9T8oVftkuFD (Jöns Bromée); i-StedJdxnLqw4NbNmZQ7ibE (Carl Persson)		https://github.com/swerik-project/riksdagen-motions/blob/main/data/1903/mot-1903--ak--00101.xml
data/1947/mot-1947--ak--00422.xml	1947	4	4	1.0	0.0	0	2	1	3	i-3F1eUNkWXaMuYwB6Z4eGSH; i-72h2c4CqR4dcDaG6HR3mAB; i-7k8zFFY69k9DVxZJwLskxW; i-V7NiAeWY2Xibey7Z9PGYKr	i-3F1eUNkWXaMuYwB6Z4eGSH (Hjalmar Gustafson); i-72h2c4CqR4dcDaG6HR3mAB (Oscar Nolin); i-7k8zFFY69k9DVxZJwLskxW (Fritz Persson); i-V7NiAeWY2Xibey7Z9PGYKr (Victor Mattsson)	i-6qNV5dntxbsrdQyVsjxWoW; i-Kv4hUGrgspgE3ZEpZrgHtZ	https://github.com/swerik-project/riksdagen-motions/blob/main/data/1947/mot-1947--ak--00422.xml
data/1964/mot-1964--fk--00576.xml	1964	4	4	1.0	0.0	0	1	1	2	i-DuMmQVGSnykDcj8ZwohCuA; i-Lr6SgKhYd2CyYMfVp5ZboP; i-XnAJTZxq8aH1QaVGLczDrb; i-XxxhK5cXr2wqWtUSsWnphS	i-DuMmQVGSnykDcj8ZwohCuA (Bertil Jonasson); i-Lr6SgKhYd2CyYMfVp5ZboP (Torsten Andersson); i-XnAJTZxq8aH1QaVGLczDrb (Sven Sundin); i-XxxhK5cXr2wqWtUSsWnphS (Torsten Bengtson)	i-QW3U8q9gqCreU8hvXKjp44	https://github.com/swerik-project/riksdagen-motions/blob/main/data/1964/mot-1964--fk--00576.xml
data/1967/mot-1967--ak--00139.xml	1967	4	4	1.0	0.0	0	0	0	0	i-2mWi9vtkPfa94zF2iziK1h; i-7d3TRxM4EXGPcH4Nyst5jR; i-9Y4xyA9x1QxKAxWcTDiJ57; i-BbiLJyQjTgGoxdGRDLvnDo	i-2mWi9vtkPfa94zF2iziK1h (Henning Nilsson); i-7d3TRxM4EXGPcH4Nyst5jR (Gustav Lorentzon); i-9Y4xyA9x1QxKAxWcTDiJ57 (Gunvor Ryding); i-BbiLJyQjTgGoxdGRDLvnDo (Gösta Andersson)		https://github.com/swerik-project/riksdagen-motions/blob/main/data/1967/mot-1967--ak--00139.xml
data/198788/mot-198788-KrU-00264.xml	198788	4	4	1.0	0.0	0	0	0	0	i-CMGiiZNVocLdbkuKqXgWTG; i-HK9qYnVFN9ozMjewUoj5Ya; i-U9We27C3x3JviFqbQPuj3d; i-VtWQs1mfimPMyjw5HVXR4i	i-CMGiiZNVocLdbkuKqXgWTG (Nils Berndtson); i-HK9qYnVFN9ozMjewUoj5Ya (Bo Hammar); i-U9We27C3x3JviFqbQPuj3d (Alexander Chrisopoulos); i-VtWQs1mfimPMyjw5HVXR4i (Inga Lantz)		https://github.com/swerik-project/riksdagen-motions/blob/main/data/198788/mot-198788-KrU-00264.xml
data/1936/mot-1936--ak--00174.xml	1936	3	3	1.0	0.0	0	0	2	2	i-C3AtGSK2kCCQrcij1zKWxy; i-PxJkAua7y2xMDdFhtkakAi; i-VacBUiqCgNFdBxDjAQggNV	i-C3AtGSK2kCCQrcij1zKWxy (David Hall); i-PxJkAua7y2xMDdFhtkakAi (Wiktor Mårtensson); i-VacBUiqCgNFdBxDjAQggNV (Gustaf Johnsson)		https://github.com/swerik-project/riksdagen-motions/blob/main/data/1936/mot-1936--ak--00174.xml
data/1937/mot-1937--ak--00342.xml	1937	3	3	1.0	0.0	0	0	0	0	i-AD4PVxoWFJ5WK9APNtM5vP; i-GPYC16egTa8Yn3wguN6WLg; i-WxSJ518t8uzSX274hdbTf2	i-AD4PVxoWFJ5WK9APNtM5vP (Knut Senander); i-GPYC16egTa8Yn3wguN6WLg (Hilding Hagberg); i-WxSJ518t8uzSX274hdbTf2 (Johan Brädefors)		https://github.com/swerik-project/riksdagen-motions/blob/main/data/1937/mot-1937--ak--00342.xml
data/1951/mot-1951--fk--00395.xml	1951	3	3	1.0	0.0	0	0	0	0	i-ERZdkAwWUNZZFepETj5sb1; i-Qc2sE2YiifAJrwAnDQvtyx; i-xxDJ3V22cfahN9u2e4ZdP	i-ERZdkAwWUNZZFepETj5sb1 (Folke Petrén); i-Qc2sE2YiifAJrwAnDQvtyx (Gustaf Elofsson); i-xxDJ3V22cfahN9u2e4ZdP (Per Lundgren)		https://github.com/swerik-project/riksdagen-motions/blob/main/data/1951/mot-1951--fk--00395.xml
data/1963/mot-1963--fk--00282.xml	1963	3	3	1.0	0.0	0	0	1	1	i-8V9rz1DAk7BXrD9Xd2WbaB; i-AFKRuqw65ewVGnDdU6pKeD; i-Lr6SgKhYd2CyYMfVp5ZboP	i-8V9rz1DAk7BXrD9Xd2WbaB (Torsten Mattsson); i-AFKRuqw65ewVGnDdU6pKeD (Harald Pettersson); i-Lr6SgKhYd2CyYMfVp5ZboP (Torsten Andersson)		https://github.com/swerik-project/riksdagen-motions/blob/main/data/1963/mot-1963--fk--00282.xml
data/1965/mot-1965--fk--00396.xml	1965	3	3	1.0	0.0	0	0	1	1	i-2vSoREUgDMM9du3oZhTyJR; i-8V9rz1DAk7BXrD9Xd2WbaB; i-JJbUecmn3MSCSN2PV2BVLq	i-2vSoREUgDMM9du3oZhTyJR (Lars Schött); i-8V9rz1DAk7BXrD9Xd2WbaB (Torsten Mattsson); i-JJbUecmn3MSCSN2PV2BVLq (Lars Larsson)		https://github.com/swerik-project/riksdagen-motions/blob/main/data/1965/mot-1965--fk--00396.xml
data/1966/mot-1966--fk--00014.xml	1966	3	3	1.0	0.0	0	0	3	3	i-DYgzAT37kBVShgAsK7YzHQ; i-Nn2dRsVQuZeCCPQApM5Pkz; i-XbPNTXJL74ynfThk9DM7o9	i-DYgzAT37kBVShgAsK7YzHQ (Olle Dahlén); i-Nn2dRsVQuZeCCPQApM5Pkz (Eric Peterson); i-XbPNTXJL74ynfThk9DM7o9 (Sven Nyman)		https://github.com/swerik-project/riksdagen-motions/blob/main/data/1966/mot-1966--fk--00014.xml
data/1968/mot-1968--fk--00735.xml	1968	3	3	1.0	0.0	0	2	3	5	i-DjzMK2q4HBp8SxyHxFkXFq; i-Lr6SgKhYd2CyYMfVp5ZboP; i-S9zAqkxFcyEpCQ17ZA2QJ8	i-DjzMK2q4HBp8SxyHxFkXFq (Ferdinand Nilsson); i-Lr6SgKhYd2CyYMfVp5ZboP (Torsten Andersson); i-S9zAqkxFcyEpCQ17ZA2QJ8 (Nils Theodor Larsson)	i-4UgQ2nJDsz9iU1xxKcTpmu; i-FcSHwyiPoR4KQVGMkW2y5K	https://github.com/swerik-project/riksdagen-motions/blob/main/data/1968/mot-1968--fk--00735.xml
data/1870/mot-1870--ak--00215.xml	1870	2	2	1.0	0.0	0	0	1	1	i-LV4qwHZuebFeCkPRrYTymH; i-QPqdt6oyauaJTMvLrNY52z	i-LV4qwHZuebFeCkPRrYTymH (Gustaf Jansson); i-QPqdt6oyauaJTMvLrNY52z (Pehr Pehrsson)		https://github.com/swerik-project/riksdagen-motions/blob/main/data/1870/mot-1870--ak--00215.xml
data/1884/mot-1884--ak--00067.xml	1884	2	2	1.0	0.0	0	0	3	3	i-37qgHWj8Zd858MSWDhN8Zo; i-7DD9UiYqJkTfq9tkRcCA2k	i-37qgHWj8Zd858MSWDhN8Zo (Liss Olof Larsson); i-7DD9UiYqJkTfq9tkRcCA2k (Stormats Mathias Olsson)		https://github.com/swerik-project/riksdagen-motions/blob/main/data/1884/mot-1884--ak--00067.xml
data/1890/mot-1890--ak--00214.xml	1890	2	2	1.0	0.0	0	0	0	0	i-DtUBL4PhS8MGp9QnAiAJc7; i-Jux87Y67Kxg3c73zqd7Xud	i-DtUBL4PhS8MGp9QnAiAJc7 (Nils Pehrsson); i-Jux87Y67Kxg3c73zqd7Xud (Emil Olsson)		https://github.com/swerik-project/riksdagen-motions/blob/main/data/1890/mot-1890--ak--00214.xml
data/1905/mot-1905--ak--00146.xml	1905	2	2	1.0	0.0	0	0	2	2	i-EKcEsJ8rgRpxXJKX9UZCn; i-FDUnfwLSnbmZFbmEoCBSeE	i-EKcEsJ8rgRpxXJKX9UZCn (Henric Öhngren); i-FDUnfwLSnbmZFbmEoCBSeE (Karl Karlsson)		https://github.com/swerik-project/riksdagen-motions/blob/main/data/1905/mot-1905--ak--00146.xml
data/1928/mot-1928--ak--00163.xml	1928	2	2	1.0	0.0	0	0	1	1	i-31Q457DWEnbThb8ttXTacq; i-5xbpwZHjLMEGP3pEF37iPy	i-31Q457DWEnbThb8ttXTacq (Nils Holmström); i-5xbpwZHjLMEGP3pEF37iPy (Jöran Grapenson)		https://github.com/swerik-project/riksdagen-motions/blob/main/data/1928/mot-1928--ak--00163.xml
data/1939/mot-1939--ak--00423.xml	1939	2	2	1.0	0.0	0	0	0	0	i-GPYC16egTa8Yn3wguN6WLg; i-WxSJ518t8uzSX274hdbTf2	i-GPYC16egTa8Yn3wguN6WLg (Hilding Hagberg); i-WxSJ518t8uzSX274hdbTf2 (Johan Brädefors)		https://github.com/swerik-project/riksdagen-motions/blob/main/data/1939/mot-1939--ak--00423.xml
data/1952/mot-1952--fk--00418.xml	1952	2	2	1.0	0.0	0	0	0	0	i-L31knc1H7Q8uzLgTZoFx7A; i-N3Cf1Ve5VxLftgWsSxB1Sm	i-L31knc1H7Q8uzLgTZoFx7A (Åke Holmbäck); i-N3Cf1Ve5VxLftgWsSxB1Sm (Harald Nordenson)		https://github.com/swerik-project/riksdagen-motions/blob/main/data/1952/mot-1952--fk--00418.xml
data/1953/mot-1953--fk--00389.xml	1953	2	2	1.0	0.0	0	0	0	0	i-4trrwMgaaYgdfEZaeP8LTR; i-8SEmi1JqbwCoJ1VPeGoz48	i-4trrwMgaaYgdfEZaeP8LTR (Sven Ohlon); i-8SEmi1JqbwCoJ1VPeGoz48 (Edgar Sjödahl)		https://github.com/swerik-project/riksdagen-motions/blob/main/data/1953/mot-1953--fk--00389.xml
data/1955/mot-1955--ak--00300.xml	1955	2	2	1.0	0.0	0	0	1	1	i-2gvrXtH5sAT9PgXsCVpQSW; i-BoL9XYAnLchxuCqnC95mXX	i-2gvrXtH5sAT9PgXsCVpQSW (Jarl Hjalmarson); i-BoL9XYAnLchxuCqnC95mXX (Ruth Ager)		https://github.com/swerik-project/riksdagen-motions/blob/main/data/1955/mot-1955--ak--00300.xml
data/1955/mot-1955--ak--00472.xml	1955	2	2	1.0	0.0	0	0	1	1	i-P8dcb8BV3PnFDCLJ87ZfqB; i-QyngumBRLxrQwrS7tZ63zu	i-P8dcb8BV3PnFDCLJ87ZfqB (Erik Nygren); i-QyngumBRLxrQwrS7tZ63zu (Henrik Munktell den yngre)		https://github.com/swerik-project/riksdagen-motions/blob/main/data/1955/mot-1955--ak--00472.xml
data/1956/mot-1956-höst-fk--00625.xml	1956	2	2	1.0	0.0	0	0	1	1	i-FoZGPWdjE7CaiMyuRthV17; i-mNZQ3wQBgCkkcFfgCUwyT	i-FoZGPWdjE7CaiMyuRthV17 (Tage Magnusson); i-mNZQ3wQBgCkkcFfgCUwyT (Ebbe Ohlsson)		https://github.com/swerik-project/riksdagen-motions/blob/main/data/1956/mot-1956-höst-fk--00625.xml
data/1957/mot-1957--fk--00153.xml	1957	2	2	1.0	0.0	0	1	0	1	i-HSVLs9EuZHSqQ2QS5VoFwi; i-WohT7ca1a7EZGHQCA6XaLU	i-HSVLs9EuZHSqQ2QS5VoFwi (Helmer Persson); i-WohT7ca1a7EZGHQCA6XaLU (Gunnar Öhman)	i-QvSu31FkrjuHQxA21VW3dr	https://github.com/swerik-project/riksdagen-motions/blob/main/data/1957/mot-1957--fk--00153.xml
data/1957/mot-1957--fk--00415.xml	1957	2	2	1.0	0.0	0	3	3	6	i-N9AjjY11HAeYEZv7pS9mmC; i-VXG8kMCZePBb7hdhGDDpqG	i-N9AjjY11HAeYEZv7pS9mmC (Erik Arrhén); i-VXG8kMCZePBb7hdhGDDpqG (Emanuel Birke)	i-5P9bYmBiudN4V5HJc3cCdi; i-GFTRsNqinZi5u1Qbi8pmh8; i-mNZQ3wQBgCkkcFfgCUwyT	https://github.com/swerik-project/riksdagen-motions/blob/main/data/1957/mot-1957--fk--00415.xml
data/1959/mot-1959--ak--00473.xml	1959	2	2	1.0	0.0	0	0	2	2	i-44swHubmDpgCef21m1ga7y; i-Kv4hUGrgspgE3ZEpZrgHtZ	i-44swHubmDpgCef21m1ga7y (Nils Stenberg); i-Kv4hUGrgspgE3ZEpZrgHtZ (Henry Allard)		https://github.com/swerik-project/riksdagen-motions/blob/main/data/1959/mot-1959--ak--00473.xml
data/1960/mot-1960--ak--00448.xml	1960	2	2	1.0	0.0	0	0	3	3	i-CkprnrTz3hpNREdKrcoiAi; i-FoZGPWdjE7CaiMyuRthV17	i-CkprnrTz3hpNREdKrcoiAi (Carl-Wilhelm Lothigius); i-FoZGPWdjE7CaiMyuRthV17 (Tage Magnusson)		https://github.com/swerik-project/riksdagen-motions/blob/main/data/1960/mot-1960--ak--00448.xml
data/1961/mot-1961--fk--00666.xml	1961	2	2	1.0	0.0	0	0	1	1	i-5KLtedUJBbVCX1RZM32Fhq; i-BuoQWnUhmgcCdqGHDfNkww	i-5KLtedUJBbVCX1RZM32Fhq (Per Hilding); i-BuoQWnUhmgcCdqGHDfNkww (Per-Olof Hanson)		https://github.com/swerik-project/riksdagen-motions/blob/main/data/1961/mot-1961--fk--00666.xml
data/1962/mot-1962--ak--00494.xml	1962	2	2	1.0	0.0	0	1	1	2	i-QXiGidLhFr3yVPmDxRSa4h; i-UgwyXZW5Y9UVnaeQC5yZU8	i-QXiGidLhFr3yVPmDxRSa4h (Cecilia Nettelbrandt); i-UgwyXZW5Y9UVnaeQC5yZU8 (Elias Jönsson)	i-SU3GVVoAF9WBfUSn5nRE5m	https://github.com/swerik-project/riksdagen-motions/blob/main/data/1962/mot-1962--ak--00494.xml
data/1964/mot-1964--fk--00824.xml	1964	2	2	1.0	0.0	0	4	1	5	i-Uu3ii7QQsF5DRLG8s64oZ8; i-Ya2sXBkHdvFiAX2aAMCu84	i-Uu3ii7QQsF5DRLG8s64oZ8 (Erik Petersson); i-Ya2sXBkHdvFiAX2aAMCu84 (Bo Skårman)	i-8Lq2FtVLPjm4ZuNxycmaDK; i-CSGB7BSLWcVycgnbynHD51; i-GLno3eQa9T5zWF3tzFnibf; i-NrbxPf13DGzMk6GuWQTaKk	https://github.com/swerik-project/riksdagen-motions/blob/main/data/1964/mot-1964--fk--00824.xml
data/1965/mot-1965--fk--00616.xml	1965	2	2	1.0	0.0	0	0	1	1	i-Enw1KHymm14HvZLXai5pNR; i-JJbUecmn3MSCSN2PV2BVLq	i-Enw1KHymm14HvZLXai5pNR (Torsten Hansson); i-JJbUecmn3MSCSN2PV2BVLq (Lars Larsson)		https://github.com/swerik-project/riksdagen-motions/blob/main/data/1965/mot-1965--fk--00616.xml
data/19992000/mot-19992000-AU-00270.xml	199920	2	2	1.0	0.0	0	0	2	2	i-Dt448JefoURo4sEMRH39aM; i-TEFXMjR6WsvCeeLdc2wQ82	i-Dt448JefoURo4sEMRH39aM (Lilian Virgin); i-TEFXMjR6WsvCeeLdc2wQ82 (Lennart Klockare)		https://github.com/swerik-project/riksdagen-motions/blob/main/data/19992000/mot-19992000-AU-00270.xml
data/1867/mot-1867--ak--00233.xml	1867	1	1	1.0	0.0	0	0	2	2	i-4ACwbbRqtvjW5TygyEQort	i-4ACwbbRqtvjW5TygyEQort (Per Nilsson)		https://github.com/swerik-project/riksdagen-motions/blob/main/data/1867/mot-1867--ak--00233.xml
data/1868/mot-1868--ak--00188.xml	1868	1	1	1.0	0.0	0	0	1	1	i-QMTFCSUSN2Q2UCGk1ku63M	i-QMTFCSUSN2Q2UCGk1ku63M (Johannes Andersson)		https://github.com/swerik-project/riksdagen-motions/blob/main/data/1868/mot-1868--ak--00188.xml
data/1869/mot-1869--ak--00131.xml	1869	1	1	1.0	0.0	0	0	2	2	i-9mpjL7WndAk2vS1p76SEft	i-9mpjL7WndAk2vS1p76SEft (Fredrik Pettersson)		https://github.com/swerik-project/riksdagen-motions/blob/main/data/1869/mot-1869--ak--00131.xml
data/1869/mot-1869--ak--00197.xml	1869	1	1	1.0	0.0	0	0	0	0	i-EEpr1Cx3sBrwmNG6AU1JMZ	i-EEpr1Cx3sBrwmNG6AU1JMZ (Johan Ohlsson)		https://github.com/swerik-project/riksdagen-motions/blob/main/data/1869/mot-1869--ak--00197.xml
data/1870/mot-1870--ak--00144.xml	1870	1	1	1.0	0.0	0	0	2	2	i-9mpjL7WndAk2vS1p76SEft	i-9mpjL7WndAk2vS1p76SEft (Fredrik Pettersson)		https://github.com/swerik-project/riksdagen-motions/blob/main/data/1870/mot-1870--ak--00144.xml
data/1871/mot-1871--ak--00163.xml	1871	1	1	1.0	0.0	0	0	1	1	i-7uuUnyJ3bq5XG4rgJmW78G	i-7uuUnyJ3bq5XG4rgJmW78G (Folke Palander)		https://github.com/swerik-project/riksdagen-motions/blob/main/data/1871/mot-1871--ak--00163.xml
data/1872/mot-1872--ak--00009.xml	1872	1	1	1.0	0.0	0	0	1	1	i-BqxiGcrvRSyw7vSVD9ghzT	i-BqxiGcrvRSyw7vSVD9ghzT (Sven Nilsson)		https://github.com/swerik-project/riksdagen-motions/blob/main/data/1872/mot-1872--ak--00009.xml
data/1873/mot-1873--ak--00010.xml	1873	1	1	1.0	0.0	0	0	2	2	i-M8iT3fNaEahQCDyU7KD4Xo	i-M8iT3fNaEahQCDyU7KD4Xo (Anders Persson)		https://github.com/swerik-project/riksdagen-motions/blob/main/data/1873/mot-1873--ak--00010.xml
data/1873/mot-1873--ak--00039.xml	1873	1	1	1.0	0.0	0	0	2	2	i-E9wRrmWzHKZve8zXnpQf1w	i-E9wRrmWzHKZve8zXnpQf1w (Anders Johansson)		https://github.com/swerik-project/riksdagen-motions/blob/main/data/1873/mot-1873--ak--00039.xml
data/1874/mot-1874--ak--00065.xml	1874	1	1	1.0	0.0	0	0	1	1	i-FxdNXf7jNvFd3tSPCRfsJN	i-FxdNXf7jNvFd3tSPCRfsJN (Johan Jönsson)		https://github.com/swerik-project/riksdagen-motions/blob/main/data/1874/mot-1874--ak--00065.xml
data/1874/mot-1874--ak--00171.xml	1874	1	1	1.0	0.0	0	0	1	1	i-2jDQuhvFoLEMg5TXt8wPgR	i-2jDQuhvFoLEMg5TXt8wPgR (Johannes Jonson)		https://github.com/swerik-project/riksdagen-motions/blob/main/data/1874/mot-1874--ak--00171.xml
data/1875/mot-1875--fk--00044.xml	1875	1	1	1.0	0.0	0	1	0	1	i-MUyEorK3Jrs76puMnBfwJQ	i-MUyEorK3Jrs76puMnBfwJQ (Nils Samuel von Koch)	i-Csc7yC4r8hvm8juPSLyuDt	https://github.com/swerik-project/riksdagen-motions/blob/main/data/1875/mot-1875--fk--00044.xml
data/1876/mot-1876--fk--00014.xml	1876	1	1	1.0	0.0	0	1	1	2	i-WmTdAfV5HETvBJeXjPDkNq	i-WmTdAfV5HETvBJeXjPDkNq (Axel Burenstam)	i-BWrrLCo5SxLJXHedGLLCjS	https://github.com/swerik-project/riksdagen-motions/blob/main/data/1876/mot-1876--fk--00014.xml
data/1876/mot-1876--fk--00019.xml	1876	1	1	1.0	0.0	0	0	0	0	i-FBVyR2c9ZXHBjh2ETNQb8U	i-FBVyR2c9ZXHBjh2ETNQb8U (Leonard Nordenfelt)		https://github.com/swerik-project/riksdagen-motions/blob/main/data/1876/mot-1876--fk--00019.xml
data/1877/mot-1877--ak--00046.xml	1877	1	1	1.0	0.0	0	0	1	1	i-FxdNXf7jNvFd3tSPCRfsJN	i-FxdNXf7jNvFd3tSPCRfsJN (Johan Jönsson)		https://github.com/swerik-project/riksdagen-motions/blob/main/data/1877/mot-1877--ak--00046.xml
data/1877/mot-1877--ak--00094.xml	1877	1	1	1.0	0.0	0	0	1	1	i-25EEgWidbVVQMzbXZMgAXZ	i-25EEgWidbVVQMzbXZMgAXZ (Anders Lind)		https://github.com/swerik-project/riksdagen-motions/blob/main/data/1877/mot-1877--ak--00094.xml
data/1878/mot-1878--ak--00074.xml	1878	1	1	1.0	0.0	0	0	1	1	i-3ePoSaapEuMxyrxRtcXnE2	i-3ePoSaapEuMxyrxRtcXnE2 (Jöns Rundbäck)		https://github.com/swerik-project/riksdagen-motions/blob/main/data/1878/mot-1878--ak--00074.xml
data/1879/mot-1879--ak--00061.xml	1879	1	1	1.0	0.0	0	0	0	0	i-DE86LDEC7dgsNMqreAPcdK	i-DE86LDEC7dgsNMqreAPcdK (Fredrik Theodor Borg)		https://github.com/swerik-project/riksdagen-motions/blob/main/data/1879/mot-1879--ak--00061.xml
data/1879/mot-1879--ak--00080.xml	1879	1	1	1.0	0.0	0	0	1	1	i-ALf1dLQQ1zU42JvCjYwPAf	i-ALf1dLQQ1zU42JvCjYwPAf (Per Nilsson)		https://github.com/swerik-project/riksdagen-motions/blob/main/data/1879/mot-1879--ak--00080.xml
data/1880/mot-1880--ak--00008.xml	1880	1	1	1.0	0.0	0	0	1	1	i-DWoRJk5rw6WHBeByBxHKMY	i-DWoRJk5rw6WHBeByBxHKMY (Anders Bengtsson)		https://github.com/swerik-project/riksdagen-motions/blob/main/data/1880/mot-1880--ak--00008.xml
data/1880/mot-1880--ak--00021.xml	1880	1	1	1.0	0.0	0	0	1	1	i-Eh28M5AZY2tWhNydPzRYf3	i-Eh28M5AZY2tWhNydPzRYf3 (Johan Boström)		https://github.com/swerik-project/riksdagen-motions/blob/main/data/1880/mot-1880--ak--00021.xml
data/1880/mot-1880--ak--00103.xml	1880	1	1	1.0	0.0	0	0	14	14	i-EN2Ltfa3VFVFqNbPXeanv	i-EN2Ltfa3VFVFqNbPXeanv (Sven Sjöblom)		https://github.com/swerik-project/riksdagen-motions/blob/main/data/1880/mot-1880--ak--00103.xml
data/1882/mot-1882--ak--00012.xml	1882	1	1	1.0	0.0	0	0	2	2	i-9faG75S9uS5dwmJ9GTvda1	i-9faG75S9uS5dwmJ9GTvda1 (Johan August Öberg)		https://github.com/swerik-project/riksdagen-motions/blob/main/data/1882/mot-1882--ak--00012.xml
data/1882/mot-1882--fk--00022.xml	1882	1	1	1.0	0.0	0	0	0	0	i-NjP1xjERFHKgSe8SCzjx72	i-NjP1xjERFHKgSe8SCzjx72 (Rudolf Adlersparre)		https://github.com/swerik-project/riksdagen-motions/blob/main/data/1882/mot-1882--fk--00022.xml
data/1883/mot-1883--ak--00006.xml	1883	1	1	1.0	0.0	0	0	1	1	i-YFzzFKh2NjM54cFjad2qWQ	i-YFzzFKh2NjM54cFjad2qWQ (Sven Adolf Hedlund)		https://github.com/swerik-project/riksdagen-motions/blob/main/data/1883/mot-1883--ak--00006.xml
data/1883/mot-1883--ak--00031.xml	1883	1	1	1.0	0.0	0	0	1	1	i-StedJdxnLqw4NbNmZQ7ibE	i-StedJdxnLqw4NbNmZQ7ibE (Carl Persson)		https://github.com/swerik-project/riksdagen-motions/blob/main/data/1883/mot-1883--ak--00031.xml
data/1883/mot-1883--ak--00044.xml	1883	1	1	1.0	0.0	0	1	2	3	i-QNVcQXgDqnpMz9845nhFr1	i-QNVcQXgDqnpMz9845nhFr1 (Jonas Petter Nilsson)	i-3h4JLudD4ghwrTDYsHbDm4	https://github.com/swerik-project/riksdagen-motions/blob/main/data/1883/mot-1883--ak--00044.xml
data/1884/mot-1884--ak--00015.xml	1884	1	1	1.0	0.0	0	0	1	1	i-7b4dYVJhQNDZvhFY8Qawzv	i-7b4dYVJhQNDZvhFY8Qawzv (Carl Carlson)		https://github.com/swerik-project/riksdagen-motions/blob/main/data/1884/mot-1884--ak--00015.xml
data/1885/mot-1885--ak--00030.xml	1885	1	1	1.0	0.0	0	0	1	1	i-LUnWpAjcsRaRqb78mxeJ15	i-LUnWpAjcsRaRqb78mxeJ15 (Johan Anderson)		https://github.com/swerik-project/riksdagen-motions/blob/main/data/1885/mot-1885--ak--00030.xml
data/1885/mot-1885--fk--00053.xml	1885	1	1	1.0	0.0	0	0	1	1	i-NFdqatonfRsGCESVshuU5V	i-NFdqatonfRsGCESVshuU5V (Johan Erik Nyström)		https://github.com/swerik-project/riksdagen-motions/blob/main/data/1885/mot-1885--fk--00053.xml
data/1886/mot-1886--fk--00007.xml	1886	1	1	1.0	0.0	0	0	1	1	i-YKcHW4nbwE58e3oApp2AGd	i-YKcHW4nbwE58e3oApp2AGd (Carl Alfred Bäckström)		https://github.com/swerik-project/riksdagen-motions/blob/main/data/1886/mot-1886--fk--00007.xml
data/1887/mot-1887-janmar-ak--00131.xml	1887	1	1	1.0	0.0	0	0	1	1	i-25EEgWidbVVQMzbXZMgAXZ	i-25EEgWidbVVQMzbXZMgAXZ (Anders Lind)		https://github.com/swerik-project/riksdagen-motions/blob/main/data/1887/mot-1887-janmar-ak--00131.xml
data/1887/mot-1887-majjul-ak--00026.xml	1887	1	1	1.0	0.0	0	0	1	1	i-M3ZXFztHLDDpAd9W9omcqs	i-M3ZXFztHLDDpAd9W9omcqs (Nils Nilsson)		https://github.com/swerik-project/riksdagen-motions/blob/main/data/1887/mot-1887-majjul-ak--00026.xml
data/1891/mot-1891--ak--00184.xml	1891	1	1	1.0	0.0	0	0	1	1	i-N6Keb2NhChtqLkNGdsJVHC	i-N6Keb2NhChtqLkNGdsJVHC (Magnus Andersson)		https://github.com/swerik-project/riksdagen-motions/blob/main/data/1891/mot-1891--ak--00184.xml
data/1891/mot-1891--ak--00186.xml	1891	1	1	1.0	0.0	0	0	1	1	i-UoV3vX6cKBePnhvLmRZwB	i-UoV3vX6cKBePnhvLmRZwB (Mårten Dahn)		https://github.com/swerik-project/riksdagen-motions/blob/main/data/1891/mot-1891--ak--00186.xml
data/1892/mot-1892--ak--00075.xml	1892	1	1	1.0	0.0	0	0	2	2	i-RsWf3KiYWHHJuK6ijo9Gta	i-RsWf3KiYWHHJuK6ijo9Gta (Otto Redelius)		https://github.com/swerik-project/riksdagen-motions/blob/main/data/1892/mot-1892--ak--00075.xml
data/1892/mot-1892--ak--00091.xml	1892	1	1	1.0	0.0	0	0	1	1	i-6GAocgVxQ6jiDDMLZHLu3d	i-6GAocgVxQ6jiDDMLZHLu3d (Nils Nilsson)		https://github.com/swerik-project/riksdagen-motions/blob/main/data/1892/mot-1892--ak--00091.xml
data/1892/mot-1892-urtima-fk--00002.xml	1892	1	1	1.0	0.0	0	0	1	1	i-PZo61ze3oe2bePYTHaDHM9	i-PZo61ze3oe2bePYTHaDHM9 (Claes Adolf Adelsköld)		https://github.com/swerik-project/riksdagen-motions/blob/main/data/1892/mot-1892-urtima-fk--00002.xml
data/1893/mot-1893--ak--00126.xml	1893	1	1	1.0	0.0	0	0	1	1	i-LzAkAb8hM4738RATfMA7Wt	i-LzAkAb8hM4738RATfMA7Wt (Sven Arnoldsson)		https://github.com/swerik-project/riksdagen-motions/blob/main/data/1893/mot-1893--ak--00126.xml
data/1894/mot-1894--ak--00016.xml	1894	1	1	1.0	0.0	0	0	1	1	i-LUnWpAjcsRaRqb78mxeJ15	i-LUnWpAjcsRaRqb78mxeJ15 (Johan Anderson)		https://github.com/swerik-project/riksdagen-motions/blob/main/data/1894/mot-1894--ak--00016.xml
data/1894/mot-1894--ak--00170.xml	1894	1	1	1.0	0.0	0	0	1	1	i-KtG9MZoKix4XYo4sC4WsUP	i-KtG9MZoKix4XYo4sC4WsUP (Johan Fredrik Rudolf Björck)		https://github.com/swerik-project/riksdagen-motions/blob/main/data/1894/mot-1894--ak--00170.xml
data/1895/mot-1895--ak--00112.xml	1895	1	1	1.0	0.0	0	0	1	1	i-SEL9qX8ssVyxUpVEo1ZveN	i-SEL9qX8ssVyxUpVEo1ZveN (Lars Eriksson)		https://github.com/swerik-project/riksdagen-motions/blob/main/data/1895/mot-1895--ak--00112.xml
data/1896/mot-1896--ak--00134.xml	1896	1	1	1.0	0.0	0	0	1	1	i-J3DRDw3b8mFwSVN8fgx2DS	i-J3DRDw3b8mFwSVN8fgx2DS (Olof Erikson)		https://github.com/swerik-project/riksdagen-motions/blob/main/data/1896/mot-1896--ak--00134.xml
data/1897/mot-1897--ak--00104.xml	1897	1	1	1.0	0.0	0	0	1	1	i-2gFz918CyUZkTuGwyS9VJt	i-2gFz918CyUZkTuGwyS9VJt (Harald Ström)		https://github.com/swerik-project/riksdagen-motions/blob/main/data/1897/mot-1897--ak--00104.xml
data/1897/mot-1897--fk--00018.xml	1897	1	1	1.0	0.0	0	0	1	1	i-8dhXgrUShJSTmoPcB9FfMi	i-8dhXgrUShJSTmoPcB9FfMi (Fredrik Wachtmeister)		https://github.com/swerik-project/riksdagen-motions/blob/main/data/1897/mot-1897--fk--00018.xml
data/1898/mot-1898--ak--00053.xml	1898	1	1	1.0	0.0	0	0	1	1	i-L2Qzee4DnAx8NzP6BEnAFg	i-L2Qzee4DnAx8NzP6BEnAFg (Gustaf Hazén)		https://github.com/swerik-project/riksdagen-motions/blob/main/data/1898/mot-1898--ak--00053.xml
data/1898/mot-1898--ak--00138.xml	1898	1	1	1.0	0.0	0	0	0	0	i-EpkJAsCf15osmWnpEQgYvg	i-EpkJAsCf15osmWnpEQgYvg (Wilhelm Styrlander)		https://github.com/swerik-project/riksdagen-motions/blob/main/data/1898/mot-1898--ak--00138.xml
data/1899/mot-1899--ak--00056.xml	1899	1	1	1.0	0.0	0	0	1	1	i-7qvitSSN8gQ1uzg5iwWjD9	i-7qvitSSN8gQ1uzg5iwWjD9 (Per Olsson)		https://github.com/swerik-project/riksdagen-motions/blob/main/data/1899/mot-1899--ak--00056.xml
data/1901/mot-1901--ak--00166.xml	1901	1	1	1.0	0.0	0	0	1	1	i-MAQEcZ126HmopwZCi53wi2	i-MAQEcZ126HmopwZCi53wi2 (Anders Gustaf Jönsson)		https://github.com/swerik-project/riksdagen-motions/blob/main/data/1901/mot-1901--ak--00166.xml
data/1902/mot-1902--ak--00007.xml	1902	1	1	1.0	0.0	0	1	1	2	i-9My6zQNwR987YADn41a1Q6	i-9My6zQNwR987YADn41a1Q6 (Jakob Byström)	i-E92rgqKkvM4kNk9eGmN4Vz	https://github.com/swerik-project/riksdagen-motions/blob/main/data/1902/mot-1902--ak--00007.xml
data/1907/mot-1907--ak--00018.xml	1907	1	1	1.0	0.0	0	0	1	1	i-X43kaZ3UoFfnrYCcPKoxe9	i-X43kaZ3UoFfnrYCcPKoxe9 (Gustaf Lindgren)		https://github.com/swerik-project/riksdagen-motions/blob/main/data/1907/mot-1907--ak--00018.xml
data/1909/mot-1909--ak--00065.xml	1909	1	1	1.0	0.0	0	0	1	1	i-9My6zQNwR987YADn41a1Q6	i-9My6zQNwR987YADn41a1Q6 (Jakob Byström)		https://github.com/swerik-project/riksdagen-motions/blob/main/data/1909/mot-1909--ak--00065.xml
data/1909/mot-1909--ak--00262.xml	1909	1	1	1.0	0.0	0	0	1	1	i-BT47MSwG1gLkUPj7t1NX3R	i-BT47MSwG1gLkUPj7t1NX3R (Magnus Sundström)		https://github.com/swerik-project/riksdagen-motions/blob/main/data/1909/mot-1909--ak--00262.xml
data/1911/mot-1911--fk--00098.xml	1911	1	1	1.0	0.0	0	0	1	1	i-XLVGDGtQ7NCyXWncMFEL2t	i-XLVGDGtQ7NCyXWncMFEL2t (Johan Nilsson)		https://github.com/swerik-project/riksdagen-motions/blob/main/data/1911/mot-1911--fk--00098.xml
data/1917/mot-1917--ak--00142.xml	1917	1	1	1.0	0.0	0	0	1	1	i-3ESxygPf8xSDBdUjnTaZ9K	i-3ESxygPf8xSDBdUjnTaZ9K (Johan Ingvarson)		https://github.com/swerik-project/riksdagen-motions/blob/main/data/1917/mot-1917--ak--00142.xml
data/1918/mot-1918--fk--00084.xml	1918	1	1	1.0	0.0	0	0	1	1	i-7aqaEvVNyi28WZuCcDCgcz	i-7aqaEvVNyi28WZuCcDCgcz (Per Forssman)		https://github.com/swerik-project/riksdagen-motions/blob/main/data/1918/mot-1918--fk--00084.xml
data/1921/mot-1921--ak--00040.xml	1921	1	1	1.0	0.0	0	0	1	1	i-YHQFSryrbRei4Y3mNMkiWx	i-YHQFSryrbRei4Y3mNMkiWx (Karl August Borg)		https://github.com/swerik-project/riksdagen-motions/blob/main/data/1921/mot-1921--ak--00040.xml
data/1932/mot-1932--fk--00027.xml	1932	1	1	1.0	0.0	0	0	1	1	i-XLVGDGtQ7NCyXWncMFEL2t	i-XLVGDGtQ7NCyXWncMFEL2t (Johan Nilsson)		https://github.com/swerik-project/riksdagen-motions/blob/main/data/1932/mot-1932--fk--00027.xml
data/1939/mot-1939--ak--00325.xml	1939	1	1	1.0	0.0	0	0	1	1	i-KjXCxQFmtvPac62A2kckSm	i-KjXCxQFmtvPac62A2kckSm (Carl Gustaf Närlinge)		https://github.com/swerik-project/riksdagen-motions/blob/main/data/1939/mot-1939--ak--00325.xml
data/1942/mot-1942--ak--00369.xml	1942	1	1	1.0	0.0	0	0	1	1	i-XqKbySrEocjq4LS7n5V8UD	i-XqKbySrEocjq4LS7n5V8UD (Torsten Lundell)		https://github.com/swerik-project/riksdagen-motions/blob/main/data/1942/mot-1942--ak--00369.xml
data/1949/mot-1949--ak--00353.xml	1949	1	1	1.0	0.0	0	1	1	2	i-KibauNu6CSDswgonTZCuVD	i-KibauNu6CSDswgonTZCuVD (James Dickson)	i-TgGh4sLEipttrpG4XAgn6h	https://github.com/swerik-project/riksdagen-motions/blob/main/data/1949/mot-1949--ak--00353.xml
data/1952/mot-1952--fk--00180.xml	1952	1	1	1.0	0.0	0	0	0	0	i-L31knc1H7Q8uzLgTZoFx7A	i-L31knc1H7Q8uzLgTZoFx7A (Åke Holmbäck)		https://github.com/swerik-project/riksdagen-motions/blob/main/data/1952/mot-1952--fk--00180.xml
data/1959/mot-1959--ak--00122.xml	1959	1	1	1.0	0.0	0	0	1	1	i-XXihiNpmHWiiceHXeDfC69	i-XXihiNpmHWiiceHXeDfC69 (Hans Wachtmeister)		https://github.com/swerik-project/riksdagen-motions/blob/main/data/1959/mot-1959--ak--00122.xml
data/198485/mot-198485--01049.xml	198485	1	1	1.0	0.0	0	0	1	1	i-HF1be62hHhvaXoZiyUz2HF	i-HF1be62hHhvaXoZiyUz2HF (John Andersson)		https://github.com/swerik-project/riksdagen-motions/blob/main/data/198485/mot-198485--01049.xml
data/201415/mot-201415-NU-02749.xml	201415	1	1	1.0	0.0	0	3	0	3	i-S1jBpohzgG7cgcBjfgN1Fb	i-S1jBpohzgG7cgcBjfgN1Fb (Sten Bergheden)	i-3YAEMbZXswzuyekFnSxXSF; i-L2jZQY1rmXeXy9EGfsxUKG; i-SQtBtzxQLj4TaXXq9jLy7r	https://github.com/swerik-project/riksdagen-motions/blob/main/data/201415/mot-201415-NU-02749.xml
data/1917/mot-1917--ak--00404.xml	1917	58	61	0.9508196721311475	0.04918032786885246	3	0	9	12	i-2M1688NA1hxdZmbJwUTnhY; i-2gBVxM8igvS4RQ1T5GE8Qp; i-33NyqMNjzDHeZyWFbFruFj; i-3DLEKns8xgJB66t2ZrR5T6; i-3ESxygPf8xSDBdUjnTaZ9K; i-3R7qLxY2CURc4oEqo2xMKC; i-3RnD8T9ms8CZMMrYjFAoRU; i-3XFieHvCxpEc9aqT4qbsAD; i-3eyX9xS4WQ3JLxhqJxXaHE; i-3pe1JKqvmq7PaBnw7PEhXT; i-4LP6HUMuDi6jwv5MgHWALJ; i-4QcyAodakKRLpdzzJ62KBg; i-4n1jVeXSASHcu8otmsgFaZ; i-51Z8nc68zSRytuD4EvZmvK; i-5FVdMDpYqfd1DagjigQmtP; i-6cxJS4uq1DWpkPMe1L6f36; i-6jHY7AkggFseY8T6gjqU21; i-6sN96xLz1oU7eeLsHhdGvq; i-7T7anLoEaCUNaqBzA2gJY6; i-7obXNCmoo5c3sVuUBAurF8; i-9cYsFuLsrAUioQXvcyUNgJ; i-Au5MnYkbRDPQPetSRettaC; i-C1dumaUjqTgW3QkeLTYGVm; i-DG6BXgx8UjAtTaWFXph2np; i-DHjzH9jnTayyfbJeUy4jsg; i-DVBTR4FnJMy9pff8g7tptN; i-DZFQeFBsFcs9N6uxCPxEWg; i-EEgp39w6M66SH9dRdqEEBo; i-EGzvssMCtUmig8cQyyyXqu; i-FDVfwmP4JrDHZEsdcS6SN; i-GjPDKQNUpvhz9Z34ZyCJCt; i-H2YZQmoQ41fcenx4fVKTwc; i-HDHXUmj1pQK4Aot3piEBBF; i-HxFVoLNmcLN3NF2EPWuWS2; i-K2CCfv9yeMy3FtZnJC2wDV; i-K9K6z4qua1txgL1jVaSy3a; i-Lh9kYcGDBLjeWYgViArsTT; i-MayVboVGayNDk8VkKpWKZY; i-NZRf7Xd1VhfbXox6hjDxr3; i-P3dC4LeKcDypuSdFykN44g; i-Pbij6TKUQNgsAiAxKYBqQ9; i-PiZWNcMn9w8S8gkcHTk71v; i-PxdF4uP1ZyUrjC1bJMn4iY; i-QxtcAkdsi14cChCzDiXJXh; i-SWJsb6nFW5PbETUc9Y6Hur; i-SZzXscFnNwKdCaVKm1W5au; i-TinjVHybdUQSFE1ugBX4dP; i-TjuPSYKkx95qCszBSy7x54; i-Uze1pHGQvFL91JzrhcG7dj; i-VENfM3q4bHioaeyrNfV9F4; i-VERe5A9b1TFJrDcWXgFBCj; i-ViqdoaJZjEkNmETR2XoKpB; i-VjJjJLsLvPRb56Nkzz4Ghv; i-VtEQ8SVLoatCxVAtXfHKdk; i-WEQD8hgUpQwg9GBpzPS913; i-WsSYRNyvrHGqpbtNPRGG1m; i-Y36Nf5Joan9UkWc6D3L22k; i-YHQFSryrbRei4Y3mNMkiWx	i-2M1688NA1hxdZmbJwUTnhY (Carl Sjögren); i-2gBVxM8igvS4RQ1T5GE8Qp (Johan Igel); i-33NyqMNjzDHeZyWFbFruFj (Erik Gustaf Johansson); i-3DLEKns8xgJB66t2ZrR5T6 (Fabian Månsson); i-3ESxygPf8xSDBdUjnTaZ9K (Johan Ingvarson); i-3R7qLxY2CURc4oEqo2xMKC (Herman Nordström); i-3RnD8T9ms8CZMMrYjFAoRU (Magnus Bengtsson); i-3XFieHvCxpEc9aqT4qbsAD (Algot Törnkvist); i-3eyX9xS4WQ3JLxhqJxXaHE (August Larsson); i-3pe1JKqvmq7PaBnw7PEhXT (Eric Josef Ericsson); i-4LP6HUMuDi6jwv5MgHWALJ (Wilhelm Källman); i-4QcyAodakKRLpdzzJ62KBg (Oskar Lundgren); i-4n1jVeXSASHcu8otmsgFaZ (Emil Molin); i-51Z8nc68zSRytuD4EvZmvK (Wilhelm Stenudd); i-5FVdMDpYqfd1DagjigQmtP (Ingebrikt Bergman); i-6cxJS4uq1DWpkPMe1L6f36 (Herman Carlson); i-6jHY7AkggFseY8T6gjqU21 (August Sävström); i-6sN96xLz1oU7eeLsHhdGvq (Olof Olsson); i-7T7anLoEaCUNaqBzA2gJY6 (Ernst Lindley); i-7obXNCmoo5c3sVuUBAurF8 (Thure Widlund); i-9cYsFuLsrAUioQXvcyUNgJ (Erik Röing); i-Au5MnYkbRDPQPetSRettaC (Edor Anderson); i-C1dumaUjqTgW3QkeLTYGVm (Gustaf Olsson); i-DG6BXgx8UjAtTaWFXph2np (Per Johan Persson); i-DHjzH9jnTayyfbJeUy4jsg (Karl Wilhelm Skareen); i-DVBTR4FnJMy9pff8g7tptN (Carl Winberg); i-DZFQeFBsFcs9N6uxCPxEWg (Evald Krispin Kropp); i-EEgp39w6M66SH9dRdqEEBo (Anton Wikström); i-EGzvssMCtUmig8cQyyyXqu (Wilhelm Björck); i-FDVfwmP4JrDHZEsdcS6SN (Olof Jonsson); i-GjPDKQNUpvhz9Z34ZyCJCt (Erik Hellberg); i-H2YZQmoQ41fcenx4fVKTwc (Johan Rudolf Sundström); i-HDHXUmj1pQK4Aot3piEBBF (Karl Kahlström); i-HxFVoLNmcLN3NF2EPWuWS2 (August Johansson); i-K2CCfv9yeMy3FtZnJC2wDV (Adolf Janson); i-K9K6z4qua1txgL1jVaSy3a (Axel Modig); i-Lh9kYcGDBLjeWYgViArsTT (Carl Strid); i-MayVboVGayNDk8VkKpWKZY (Christian Ericson); i-NZRf7Xd1VhfbXox6hjDxr3 (Erik Eurén); i-P3dC4LeKcDypuSdFykN44g (Helge Bäcklund); i-Pbij6TKUQNgsAiAxKYBqQ9 (Swen Jönsson); i-PiZWNcMn9w8S8gkcHTk71v (Anders Johan Bärg); i-PxdF4uP1ZyUrjC1bJMn4iY (Alfred Persson); i-QxtcAkdsi14cChCzDiXJXh (Alfred Bolander); i-SWJsb6nFW5PbETUc9Y6Hur (Carl Johan Ericsson); i-SZzXscFnNwKdCaVKm1W5au (Jöns Persson); i-TinjVHybdUQSFE1ugBX4dP (Werner Bäckström); i-TjuPSYKkx95qCszBSy7x54 (Ernst Liljedahl); i-Uze1pHGQvFL91JzrhcG7dj (Gustav Hansson); i-VENfM3q4bHioaeyrNfV9F4 (Nils Ohlsson); i-VERe5A9b1TFJrDcWXgFBCj (Henry Erikson); i-ViqdoaJZjEkNmETR2XoKpB (Nils Olsson); i-VjJjJLsLvPRb56Nkzz4Ghv (Carl Johanson); i-VtEQ8SVLoatCxVAtXfHKdk (Robert Karlsson); i-WEQD8hgUpQwg9GBpzPS913 (Johan Rehn); i-WsSYRNyvrHGqpbtNPRGG1m (Karl Magnus Andersson); i-Y36Nf5Joan9UkWc6D3L22k (Enok Runefors); i-YHQFSryrbRei4Y3mNMkiWx (Karl August Borg)	i-5VLeRuY2ZxCANAfXVjtfFZ; i-FMmERwnYXRjNZmhsggDb2Y; i-N7sVTEwk6zFPbv53NfRyWt	https://github.com/swerik-project/riksdagen-motions/blob/main/data/1917/mot-1917--ak--00404.xml
data/1908/mot-1908--ak--00087.xml	1908	74	78	0.9487179487179487	0.05128205128205128	4	0	3	7	i-2VZTfC47GBddiryCh2CpHE; i-2vPqRXUJK7sLEawPeFYaLa; i-3C2pZzS1wYjgNMiss84Dyp; i-3FXDiNFhMaD2xtLwqRVLbs; i-3LADpippuGsVzASZffPQLR; i-3MuEs2XfJdL7dc1ejaB7XH; i-3eyX9xS4WQ3JLxhqJxXaHE; i-41U85NpCtLzodB8GxLpNNW; i-4KJMAUW9zFRD1g1ShqsMqw; i-4NKRPNLjC6ugs779Z9diuB; i-4U8pJUccpdMTNKnRBaLNRn; i-4UEzXgg6g6fiqb4dQ2EDU3; i-4sYa5sygAXm9dvBK1sGrPS; i-5KMyLRkLkB8aJEWrPNdHMU; i-5KU1YWjCS7iAhCxYP8wCR7; i-5QNyZTTuhxgQFGbUQZGhjK; i-6GAocgVxQ6jiDDMLZHLu3d; i-6KBNU3ydsmAUThaDn8NUTw; i-7u6TSL3B2X57aHRQYkKAD8; i-8JJL5nBWvuqFEZprH3q31h; i-8hVM83QA7RPKjxXQwKd7qt; i-8zen6gqoJKVpG7SVBDYFet; i-9My6zQNwR987YADn41a1Q6; i-9gw6tCpchuRJcG4S3PU6wP; i-A37vmFDFqtaNCP1Zn7USP4; i-A9gFi7dPaz2uAdYRAB5NBW; i-AyHSMtd1f1kVFSaVvtTmaY; i-B1SwupwM9QjXTLJUdzWAMP; i-BT47MSwG1gLkUPj7t1NX3R; i-CcpzmowRD9FCdmx6qJ2zA4; i-CstbzCQGy4imdVSWZesSu; i-DGWck5RqFSbnKb8DXViXWK; i-DZFQeFBsFcs9N6uxCPxEWg; i-EghjWo8X6J8EqRorAV3wKX; i-FDUnfwLSnbmZFbmEoCBSeE; i-Ffeyu3W1u9rCYut1yN4GxR; i-FyewTLfHXRZ4TcfWtKQoK3; i-GZoogxEzVqVUYFbhFp29C6; i-HiKfkPFGETvWecEKyujzt7; i-HosDPsxC8xMsApG7PEcMfP; i-JENnhuCwfVGBYLEfgxjRKt; i-JEgc1aAvpjdwHjnsG3nTk5; i-JSD38mWT7YyULoZeavmfbP; i-JeEhWTEJ1fGidrGkZYPz2T; i-JgCcdTbPbwrVHLWw1wCXea; i-K2CCfv9yeMy3FtZnJC2wDV; i-KdWud4ycRn3KqxNrvnNkTT; i-KeUzxNbv1zjTz7FVRHayGh; i-L2Qzee4DnAx8NzP6BEnAFg; i-L8igD41spNvbEjshjG3znh; i-LoXDYGWub1gb91DidVVRYY; i-M7Dk5qjwUCDNKDmAMZJ1AM; i-MSwoZDhSrwsWcizAjowXzs; i-McNdJaEnje6pXfi83cxxZW; i-NKRTEKkMqyNZNU9RaYZLPC; i-NpP8YUnngHY9XSGASPWpn; i-NwhdVgupCWjkZSqQNMjJnp; i-Pw6YkjTiEBrsDRAfUGA5BK; i-RFJmo1wDqVKRtoJAz97Trc; i-Ru4m7PwPngedWP65bhXJgu; i-S4QJj2NhwnwkQWq9S5v3My; i-SaffZ6X6yDXyuRsRUviMqP; i-SmANBDpEMp49AgxGMgLJX; i-So9wC4TTQKv5y5xeguwfcC; i-Tp1jKTFhFzA8shVD7JggNL; i-V2Yf7CVM1fnjwE7NX2LxmC; i-W5aPPUd6NTa4yTBoRzWdL4; i-WJFUxfoH9MxRGxnHzAMK9D; i-WSxGsjkEHq7ws5C5Cxnh3C; i-X43kaZ3UoFfnrYCcPKoxe9; i-XGVW64gsZQSueELeaURjDd; i-bvK2bTT41cp1JwsNkqEDL; i-dppNpPyX1pBND8b8JcCpo; i-e3njExJEdDXrssXnJs8AP	i-2VZTfC47GBddiryCh2CpHE (Halvar Eriksson); i-2vPqRXUJK7sLEawPeFYaLa (Axel Ekman); i-3C2pZzS1wYjgNMiss84Dyp (Gustaf Broomé); i-3FXDiNFhMaD2xtLwqRVLbs (Herman Kvarnzelius); i-3LADpippuGsVzASZffPQLR (Carl Jansson); i-3MuEs2XfJdL7dc1ejaB7XH (Wilhelm Bengtsson); i-3eyX9xS4WQ3JLxhqJxXaHE (August Larsson); i-41U85NpCtLzodB8GxLpNNW (Carl Wallentin); i-4KJMAUW9zFRD1g1ShqsMqw (Erik Nilson); i-4NKRPNLjC6ugs779Z9diuB (Johan Ström); i-4U8pJUccpdMTNKnRBaLNRn (Edvard Wavrinsky); i-4UEzXgg6g6fiqb4dQ2EDU3 (Bernhard Eriksson); i-4sYa5sygAXm9dvBK1sGrPS (Lars Johan Carlsson-Frosterud); i-5KMyLRkLkB8aJEWrPNdHMU (Karl Lindh); i-5KU1YWjCS7iAhCxYP8wCR7 (Fredrik Berglund); i-5QNyZTTuhxgQFGbUQZGhjK (Alfred Fornander); i-6GAocgVxQ6jiDDMLZHLu3d (Nils Nilsson); i-6KBNU3ydsmAUThaDn8NUTw (Viktor Larsson); i-7u6TSL3B2X57aHRQYkKAD8 (Theodor af Callerholm); i-8JJL5nBWvuqFEZprH3q31h (Knut Henning Gezelius von Schéele); i-8hVM83QA7RPKjxXQwKd7qt (Carl Gustafsson); i-8zen6gqoJKVpG7SVBDYFet (David Pettersson); i-9My6zQNwR987YADn41a1Q6 (Jakob Byström); i-9gw6tCpchuRJcG4S3PU6wP (Johan Johansson); i-A37vmFDFqtaNCP1Zn7USP4 (Johan Ericsson); i-A9gFi7dPaz2uAdYRAB5NBW (Alfred Lundgren); i-AyHSMtd1f1kVFSaVvtTmaY (Alfred Jonsson); i-B1SwupwM9QjXTLJUdzWAMP (Anders Hansson); i-BT47MSwG1gLkUPj7t1NX3R (Magnus Sundström); i-CcpzmowRD9FCdmx6qJ2zA4 (Oscar Forssling); i-CstbzCQGy4imdVSWZesSu (Oskar Berg); i-DGWck5RqFSbnKb8DXViXWK (Anders August Eriksson); i-DZFQeFBsFcs9N6uxCPxEWg (Evald Krispin Kropp); i-EghjWo8X6J8EqRorAV3wKX (Peter Risberg); i-FDUnfwLSnbmZFbmEoCBSeE (Karl Karlsson); i-Ffeyu3W1u9rCYut1yN4GxR (Fredrik Canell); i-FyewTLfHXRZ4TcfWtKQoK3 (Karl Otto); i-GZoogxEzVqVUYFbhFp29C6 (Per Bosson); i-HiKfkPFGETvWecEKyujzt7 (Gustaf Jansson); i-HosDPsxC8xMsApG7PEcMfP (Johan Eric Ericsson); i-JENnhuCwfVGBYLEfgxjRKt (Gustaf Sandin); i-JEgc1aAvpjdwHjnsG3nTk5 (Anders Thylander); i-JSD38mWT7YyULoZeavmfbP (Olof Anderson); i-JeEhWTEJ1fGidrGkZYPz2T (Robert Johansson-Dahr); i-JgCcdTbPbwrVHLWw1wCXea (Karl Hultkrantz); i-K2CCfv9yeMy3FtZnJC2wDV (Adolf Janson); i-KdWud4ycRn3KqxNrvnNkTT (Sixten Neiglick); i-KeUzxNbv1zjTz7FVRHayGh (Gustaf Forsberg); i-L2Qzee4DnAx8NzP6BEnAFg (Gustaf Hazén); i-L8igD41spNvbEjshjG3znh (Curt Wallis); i-LoXDYGWub1gb91DidVVRYY (Claes Johan Berggren); i-M7Dk5qjwUCDNKDmAMZJ1AM (Ollas Anders Ericsson); i-MSwoZDhSrwsWcizAjowXzs (Karl Warburg); i-McNdJaEnje6pXfi83cxxZW (Adolf Christiernson); i-NKRTEKkMqyNZNU9RaYZLPC (Värner Rydén); i-NpP8YUnngHY9XSGASPWpn (Carl Sandquist); i-NwhdVgupCWjkZSqQNMjJnp (August Nilsson); i-Pw6YkjTiEBrsDRAfUGA5BK (Nils Larsson); i-RFJmo1wDqVKRtoJAz97Trc (Johannes Hellgren); i-Ru4m7PwPngedWP65bhXJgu (Johan Andersson); i-S4QJj2NhwnwkQWq9S5v3My (Johan Eric Nordin); i-SaffZ6X6yDXyuRsRUviMqP (Wilhelm Johansson); i-SmANBDpEMp49AgxGMgLJX (Ernst Beckman); i-So9wC4TTQKv5y5xeguwfcC (Ernst Blomberg); i-Tp1jKTFhFzA8shVD7JggNL (Smeds Lars Olsson); i-V2Yf7CVM1fnjwE7NX2LxmC (Erik Leksell); i-W5aPPUd6NTa4yTBoRzWdL4 (Back Per Ersson); i-WJFUxfoH9MxRGxnHzAMK9D (Petrus Hörnstén); i-WSxGsjkEHq7ws5C5Cxnh3C (Anders Gustafsson); i-X43kaZ3UoFfnrYCcPKoxe9 (Gustaf Lindgren); i-XGVW64gsZQSueELeaURjDd (Magnus Matsson); i-bvK2bTT41cp1JwsNkqEDL (Erik Sundin); i-dppNpPyX1pBND8b8JcCpo (Samuel Söderberg); i-e3njExJEdDXrssXnJs8AP (Johan Magnus Johansson)	i-NEpRkdSsVMJsoZ2CsDVptk; i-SKeNWqaodDskJWp4b2SKPZ; i-VtEQ8SVLoatCxVAtXfHKdk; i-YEQC2cS7Zaae9YLGWdiy6e	https://github.com/swerik-project/riksdagen-motions/blob/main/data/1908/mot-1908--ak--00087.xml
data/199091/mot-199091-SoU-00096.xml	199091	16	17	0.9411764705882353	0.058823529411764705	1	0	16	17	i-2BYSzJNcUPXMLvmLd6pE34; i-2CptAnTqxXA4LBXL7vK9gC; i-3uaN5fvSUmBMXgqnzrb6Yb; i-5sxzSZSUx9KLqvREcwz58f; i-7EqnaA8N82a8e94n92Ucda; i-9msUCw725vKguNSQS4ikv4; i-A16XHDHnpsSEskwvgsUhaw; i-BkQoi6KA1EKK9EEJhT16Cz; i-G7NrNFSEu4BWZ8cRNLg6iH; i-KFLLBh5CxVpZkUZaHy3pAz; i-L9ZkLhYiYiW2jxjciAaRcV; i-NXNY6RqNuERrrfDVTJBFkt; i-QG8fyctdjn6RWygZ2n5czv; i-QkoGcuWJuiryQZaTNFexi4; i-V3cJeoPL42ScwovV1Zu9Ko; i-VKBXGHy4KWJbExz3QgCuVy	i-2BYSzJNcUPXMLvmLd6pE34 (Ann-Cathrine Haglund); i-2CptAnTqxXA4LBXL7vK9gC (Bertil Persson); i-3uaN5fvSUmBMXgqnzrb6Yb (Görel Bohlin); i-5sxzSZSUx9KLqvREcwz58f (Gullan Lindblad); i-7EqnaA8N82a8e94n92Ucda (Ingrid Hemmingsson); i-9msUCw725vKguNSQS4ikv4 (Hans Dau); i-A16XHDHnpsSEskwvgsUhaw (Karin Falkmer); i-BkQoi6KA1EKK9EEJhT16Cz (Ingegerd Troedsson); i-G7NrNFSEu4BWZ8cRNLg6iH (Ing-Britt Nygren); i-KFLLBh5CxVpZkUZaHy3pAz (Margit Gennser); i-L9ZkLhYiYiW2jxjciAaRcV (Per Stenmarck); i-NXNY6RqNuERrrfDVTJBFkt (Ingvar Eriksson); i-QG8fyctdjn6RWygZ2n5czv (Charlotte Cederschiöld); i-QkoGcuWJuiryQZaTNFexi4 (Karl-Gösta Svenson); i-V3cJeoPL42ScwovV1Zu9Ko (Göran Åstrand); i-VKBXGHy4KWJbExz3QgCuVy (Mona Saint Cyr)	i-GTDxf4NudVQ4es4EhotQR1	https://github.com/swerik-project/riksdagen-motions/blob/main/data/199091/mot-199091-SoU-00096.xml
data/1879/mot-1879--ak--00018.xml	1879	13	14	0.9285714285714286	0.07142857142857142	1	0	0	1	i-266bJc5RtSGNFxNkBXfTw6; i-69ZLoSBPdFgrd1wNkm56PY; i-6XRq5NMShPXgkNELyP1nWR; i-89izzNXPgBWj2WAHiaRLG5; i-9kQEhG7b4RhJm3feAQj7DQ; i-B1TD61aoCX1X8inXyshE45; i-JybGN9aHM3q5M4kgRwLipb; i-R97w3nuXuTMZKkdjArixv8; i-RdYE6KVYFYvYSD6eDEHsCg; i-S1hDhfBXq9vXtBfgz4QX6Z; i-SpE4p6y5t2Rpicx6uK8qTp; i-T4PCemjgWrppB1oqqmKKFp; i-TFZQYjpx1wcSHA6fwttW17	i-266bJc5RtSGNFxNkBXfTw6 (Carl Isak Bengtsson); i-69ZLoSBPdFgrd1wNkm56PY (Anders Svenson); i-6XRq5NMShPXgkNELyP1nWR (Carl Mejenqvist); i-89izzNXPgBWj2WAHiaRLG5 (Lars Johan Larsson); i-9kQEhG7b4RhJm3feAQj7DQ (Per Westman); i-B1TD61aoCX1X8inXyshE45 (Josef Smedberg); i-JybGN9aHM3q5M4kgRwLipb (Per Engman); i-R97w3nuXuTMZKkdjArixv8 (Fredrik Petersson); i-RdYE6KVYFYvYSD6eDEHsCg (Carl Magni); i-S1hDhfBXq9vXtBfgz4QX6Z (Åke Andersson); i-SpE4p6y5t2Rpicx6uK8qTp (Fredrik Andersson); i-T4PCemjgWrppB1oqqmKKFp (Jonas Jonasson); i-TFZQYjpx1wcSHA6fwttW17 (Jöns Persson)	i-JSEJ4s9Z7CEa5xpm114bT2	https://github.com/swerik-project/riksdagen-motions/blob/main/data/1879/mot-1879--ak--00018.xml
data/198788/mot-198788-SoU-00426.xml	198788	12	13	0.9230769230769231	0.07692307692307693	1	0	0	1	i-2BYSzJNcUPXMLvmLd6pE34; i-4i5vpDVzDizjgGeYkeoK2E; i-8hxDNLW9NgYYqBHg8RCZcj; i-BkQoi6KA1EKK9EEJhT16Cz; i-CQwK55qAkVUZt7PtiHxAxd; i-FhdnsbdSgKWks7yKVAW7kg; i-GvBe798bQfFYpnaboy7YCF; i-HpykFSDEKjFd3AQrjBW2xc; i-N7WL5aLLwEPfYa71gsUxQx; i-PjjxQYR5UbxSEEqwa2s5mr; i-QKH1DSWytvVGtUZkzdboRg; i-RxkptNoJYi3BWpTneSNTUn	i-2BYSzJNcUPXMLvmLd6pE34 (Ann-Cathrine Haglund); i-4i5vpDVzDizjgGeYkeoK2E (Bo Lundgren); i-8hxDNLW9NgYYqBHg8RCZcj (Rolf Clarkson); i-BkQoi6KA1EKK9EEJhT16Cz (Ingegerd Troedsson); i-CQwK55qAkVUZt7PtiHxAxd (Per-Olof Strindberg); i-FhdnsbdSgKWks7yKVAW7kg (Rolf Dahlberg); i-GvBe798bQfFYpnaboy7YCF (Anders Björck); i-HpykFSDEKjFd3AQrjBW2xc (Sonja Rembo); i-N7WL5aLLwEPfYa71gsUxQx (Ingrid Sundberg); i-PjjxQYR5UbxSEEqwa2s5mr (Arne Andersson); i-QKH1DSWytvVGtUZkzdboRg (Lars Tobisson); i-RxkptNoJYi3BWpTneSNTUn (Nils Carlshamre)	i-AZnaWEAg22YQ3HzVMfNSHR	https://github.com/swerik-project/riksdagen-motions/blob/main/data/198788/mot-198788-SoU-00426.xml
data/199697/mot-199697-FiU-00407.xml	199697	12	13	0.9230769230769231	0.07692307692307693	1	0	12	13	i-3rnEh52NL7CXPJYcg4p7bD; i-4i5vpDVzDizjgGeYkeoK2E; i-5sxzSZSUx9KLqvREcwz58f; i-BbWhKN8LYooYPeK77uLHBD; i-D74cdq6EQpWG5dWigfnSSw; i-ENka9fRWC7HrGDQTU4F2ah; i-GvBe798bQfFYpnaboy7YCF; i-HpykFSDEKjFd3AQrjBW2xc; i-MtQDAwnav9eHyeftxbQLvf; i-QKH1DSWytvVGtUZkzdboRg; i-QkoGcuWJuiryQZaTNFexi4; i-VvqVwyrQgUiYjtEt3CpQcM	i-3rnEh52NL7CXPJYcg4p7bD (Gun Hellsvik); i-4i5vpDVzDizjgGeYkeoK2E (Bo Lundgren); i-5sxzSZSUx9KLqvREcwz58f (Gullan Lindblad); i-BbWhKN8LYooYPeK77uLHBD (Per Unckel); i-D74cdq6EQpWG5dWigfnSSw (Per Westerberg); i-ENka9fRWC7HrGDQTU4F2ah (Birger Hagård); i-GvBe798bQfFYpnaboy7YCF (Anders Björck); i-HpykFSDEKjFd3AQrjBW2xc (Sonja Rembo); i-MtQDAwnav9eHyeftxbQLvf (Inger René); i-QKH1DSWytvVGtUZkzdboRg (Lars Tobisson); i-QkoGcuWJuiryQZaTNFexi4 (Karl-Gösta Svenson); i-VvqVwyrQgUiYjtEt3CpQcM (Knut Billing)	i-AZnaWEAg22YQ3HzVMfNSHR	https://github.com/swerik-project/riksdagen-motions/blob/main/data/199697/mot-199697-FiU-00407.xml
data/198586/mot-198586-kru-00338.xml	198586	11	12	0.9166666666666666	0.08333333333333333	1	0	11	12	i-428Hjmwgi7AWPWkBr4Pecy; i-788GHtzSVWps3NNq8zFMiq; i-9pZ6GzfD2R22bxSydJmuYz; i-CP1NFcCA4knd73wq3oaYZW; i-Gcjbk3nJyjWXPaa2dm3MFR; i-Hco5dtZYVczhhatjt4A2Ah; i-N6NqRjrNpzybfJmYWdhfdW; i-NLfT4RS4huMCGpWx1zB8Ag; i-P7oVLGoBfbz4RGE5XkQtLN; i-W4KsfSh6dCbjCcJdxiZwL; i-Wr6k6wHqCSCVpf8wAP1AEe	i-428Hjmwgi7AWPWkBr4Pecy (Lars Ernestam); i-788GHtzSVWps3NNq8zFMiq (Ingemar Eliasson); i-9pZ6GzfD2R22bxSydJmuYz (Karl Erik Eriksson); i-CP1NFcCA4knd73wq3oaYZW (Börje Stensson); i-Gcjbk3nJyjWXPaa2dm3MFR (Elver Jonsson); i-Hco5dtZYVczhhatjt4A2Ah (Carl-Johan Wilson); i-N6NqRjrNpzybfJmYWdhfdW (Olle Grahn); i-NLfT4RS4huMCGpWx1zB8Ag (Erling Bager); i-P7oVLGoBfbz4RGE5XkQtLN (Jan-Erik Wikström); i-W4KsfSh6dCbjCcJdxiZwL (Margareta Andrén); i-Wr6k6wHqCSCVpf8wAP1AEe (Ingrid Ronne-Björkqvist)	i-3wLRiGfY1M7dyUZ4aGiwUV	https://github.com/swerik-project/riksdagen-motions/blob/main/data/198586/mot-198586-kru-00338.xml
data/198889/mot-198889-SkU-00328.xml	198889	11	12	0.9166666666666666	0.08333333333333333	1	0	11	12	i-5BAuoreWuHEDmfStAQQoco; i-5FsdBgp7zC1W8jXSUkwwDq; i-788GHtzSVWps3NNq8zFMiq; i-9J1gmLVJSnGBRMzrAVvtvR; i-A2jgxgPRi11BxUsPb2uNmM; i-A8ft8hMHUcZDSE5fKdjGpq; i-DDBp1Uv1xUyCgUST4Mk7Ub; i-Gcjbk3nJyjWXPaa2dm3MFR; i-GmSFH9fmi5xjm5ydcN6R1m; i-NgCTKqp2fs7ZtdGdg2MLiL; i-P7oVLGoBfbz4RGE5XkQtLN	i-5BAuoreWuHEDmfStAQQoco (Sigge Godin); i-5FsdBgp7zC1W8jXSUkwwDq (Birgit Friggebo); i-788GHtzSVWps3NNq8zFMiq (Ingemar Eliasson); i-9J1gmLVJSnGBRMzrAVvtvR (Anne Wibble); i-A2jgxgPRi11BxUsPb2uNmM (Charlotte Branting); i-A8ft8hMHUcZDSE5fKdjGpq (Kerstin Ekman); i-DDBp1Uv1xUyCgUST4Mk7Ub (Karin Ahrland); i-Gcjbk3nJyjWXPaa2dm3MFR (Elver Jonsson); i-GmSFH9fmi5xjm5ydcN6R1m (Ingela Mårtensson); i-NgCTKqp2fs7ZtdGdg2MLiL (Karl-Göran Biörsmark); i-P7oVLGoBfbz4RGE5XkQtLN (Jan-Erik Wikström)	i-MYV5TtBU5tQGwqDu4dq25s	https://github.com/swerik-project/riksdagen-motions/blob/main/data/198889/mot-198889-SkU-00328.xml
data/198687/mot-198687-KrU-00317.xml	198687	10	11	0.9090909090909091	0.09090909090909091	1	0	10	11	i-2BYSzJNcUPXMLvmLd6pE34; i-9ZfzFzDXHZKY5aBmYVFU3a; i-9msUCw725vKguNSQS4ikv4; i-DYxXbC2LXzL11J2rHdExZh; i-ENka9fRWC7HrGDQTU4F2ah; i-J66uUcstry6kTEhq3eK6EY; i-McV8uzEvZdxJephaZbqN9X; i-XReDscGERZf5yzSxFeceD3; i-d6dsey4EPVNLzi1U5nkWV; i-zC3ZtMw7pF7WxkXwbLkKZ	i-2BYSzJNcUPXMLvmLd6pE34 (Ann-Cathrine Haglund); i-9ZfzFzDXHZKY5aBmYVFU3a (Rune Rydén); i-9msUCw725vKguNSQS4ikv4 (Hans Dau); i-DYxXbC2LXzL11J2rHdExZh (Hans Nyhage); i-ENka9fRWC7HrGDQTU4F2ah (Birger Hagård); i-J66uUcstry6kTEhq3eK6EY (Lars Ahlmark); i-McV8uzEvZdxJephaZbqN9X (Anders G. Högmark); i-XReDscGERZf5yzSxFeceD3 (Elisabeth Fleetwood); i-d6dsey4EPVNLzi1U5nkWV (Göran Allmér); i-zC3ZtMw7pF7WxkXwbLkKZ (Ingela Gardner Sundström)	i-WtVUiHZh5LgiVdShZaxhhB	https://github.com/swerik-project/riksdagen-motions/blob/main/data/198687/mot-198687-KrU-00317.xml
data/1905/mot-1905-urtima-fk--00004.xml	1905	54	60	0.9	0.1	6	1	0	7	i-2dY1SGv8Hf9ixu6QkJdDsP; i-458Xitx1rMUDzu6Nz48nrJ; i-4QmvMZkdVwHxUNSzFz7zzs; i-5581gcEvQGbiMJEyEKV6yh; i-5haQvBqofmVv7uAtDuavic; i-5m7eXbqSoKZzWQ41W9boXX; i-6oRamg3DcU6q3ybLVDX2pR; i-7TJqANjbrgd7SVhZMKk9xF; i-8Rh26BWHsu23CsDhDYmcE9; i-8VsfxTDe2G4GaxT4mL9cj9; i-8yGuNy24hvMd2Z2td7mHze; i-A5JQXuHfaRp4u95HrYD9gd; i-BRVDAnCnib83pYossDYwRa; i-C9K2zQhbi7bGUXtbQLDqku; i-CjSFC5KzVjviPvMWRXCbe6; i-Co7CHUvCQqnWiD6XBtunA3; i-D7KfkW1nDvvN3JwmiZtbX5; i-DGMnBps2wUrSusm54kdoY7; i-DrXSPzMYgVV6atUHfgBSF4; i-EFg8HwcKJoaLpGz6Y9q9aW; i-Er61oaczszUgxR1FzN9neP; i-FFyGhg7yDLhat7YPoNLzaH; i-FQJJCrSL887VqdEgWRuCYj; i-FSJ4kw3boEHgUkPEAcBMPU; i-FTiFt8AALJDsUjHZcZEDSH; i-G1xzyAPjWuB2rB8kWLGUve; i-GX7BNu6JdpkCkLvrx2oYRe; i-GkkQbto5JYXvdSs1bs6RLo; i-HqRXpcNvVcpAFSfTDWhdNx; i-JCyzttMVkJyC3MktTPBWrC; i-KrDgdZwFvbfz2DRQDX9Aw6; i-LEiVmuJS3qfxU5P3M3NMxf; i-Lm3eE3F9Uin1JPz2edLpYC; i-PNvieUM2GWTgmE61U6djzk; i-PpnCjvomNLjsJprvA7oC4i; i-QvQF7Es6NnMXfNhoeCLJL2; i-R5nrkYVYWRipCGrS8PAyUz; i-SUicGYDDyHF8pDkbccXJwW; i-SbYnBCjoFEsouNvrLVZ1J2; i-Snz4JyGqut3x8YoNGkcqwt; i-T5TQTo1x9KZiCNRXHysUZG; i-T5fFgQ73BhXWChgostnu9w; i-TXTMjmW8M6sutYxwmKpuaD; i-TwHRimW4qHP6qKGd2peE57; i-UDziRjgcxgNjFct4MavzVQ; i-Uh4cCK1LpYUrgkGNfFiCKh; i-W8sBcvRsddpMCiVmEeekWs; i-WS6avHnstrES8AWCVeqaD9; i-Wjs7vhiqPDs5DWBCyXkc77; i-YBeHR1zEBPMM35nMEreTz; i-YQ6g7JsKJpiQK8dbyD7FQo; i-YQVJCQSW4NWPJmxYfGu3f9; i-YSW8Kg6NVNWR81nXxwY7Pw; i-YVqWZSiikwY2UYC3gt2RvM	i-2dY1SGv8Hf9ixu6QkJdDsP (Theodor af Ekenstam); i-458Xitx1rMUDzu6Nz48nrJ (Knut Falk); i-4QmvMZkdVwHxUNSzFz7zzs (Leonard Grundberg); i-5581gcEvQGbiMJEyEKV6yh (Hugo Hedenstierna); i-5haQvBqofmVv7uAtDuavic (Henrik Falkenberg); i-5m7eXbqSoKZzWQ41W9boXX (Christopher Rappe); i-6oRamg3DcU6q3ybLVDX2pR (Gustaf Andersson); i-7TJqANjbrgd7SVhZMKk9xF (Fredrik Ridderbjelke); i-8Rh26BWHsu23CsDhDYmcE9 (Carl von Mentzer); i-8VsfxTDe2G4GaxT4mL9cj9 (Gustaf Walin); i-8yGuNy24hvMd2Z2td7mHze (Gustaf Benedicks); i-A5JQXuHfaRp4u95HrYD9gd (Edvard Bohnstedt); i-BRVDAnCnib83pYossDYwRa (August Weinberg); i-C9K2zQhbi7bGUXtbQLDqku (Walther von Hallwyl); i-CjSFC5KzVjviPvMWRXCbe6 (Johan Boström); i-Co7CHUvCQqnWiD6XBtunA3 (Martin Nisser); i-D7KfkW1nDvvN3JwmiZtbX5 (Svante Sandqvist); i-DGMnBps2wUrSusm54kdoY7 (Knut Åkerberg); i-DrXSPzMYgVV6atUHfgBSF4 (Peter Petersson); i-EFg8HwcKJoaLpGz6Y9q9aW (Per Lundsten); i-Er61oaczszUgxR1FzN9neP (Erik Hägglund); i-FFyGhg7yDLhat7YPoNLzaH (Gustaf Ekdahl); i-FQJJCrSL887VqdEgWRuCYj (Cornelius Sjöcrona); i-FSJ4kw3boEHgUkPEAcBMPU (Johan Beck-Friis); i-FTiFt8AALJDsUjHZcZEDSH (Lorents Petersson); i-G1xzyAPjWuB2rB8kWLGUve (Erik August Enhörning); i-GX7BNu6JdpkCkLvrx2oYRe (Per Liedberg); i-GkkQbto5JYXvdSs1bs6RLo (Johan Rylander); i-HqRXpcNvVcpAFSfTDWhdNx (Carl Klingspor); i-JCyzttMVkJyC3MktTPBWrC (Gustaf Erik Lewenhaupt); i-KrDgdZwFvbfz2DRQDX9Aw6 (Edvin Håkanson); i-LEiVmuJS3qfxU5P3M3NMxf (Carl Rydberg); i-Lm3eE3F9Uin1JPz2edLpYC (Carl Nyström); i-PNvieUM2GWTgmE61U6djzk (Joseph Stephens); i-PpnCjvomNLjsJprvA7oC4i (Johan Fredrik Nyström); i-QvQF7Es6NnMXfNhoeCLJL2 (Pehr Gustaf Tamm); i-R5nrkYVYWRipCGrS8PAyUz (Arvid Lilliesköld); i-SUicGYDDyHF8pDkbccXJwW (Niklas Fosser); i-SbYnBCjoFEsouNvrLVZ1J2 (Ivar Wijk); i-Snz4JyGqut3x8YoNGkcqwt (Magnus Söderberg); i-T5TQTo1x9KZiCNRXHysUZG (Edvard Fränckel); i-T5fFgQ73BhXWChgostnu9w (Melcher Ekströmer); i-TXTMjmW8M6sutYxwmKpuaD (Olof Björklund); i-TwHRimW4qHP6qKGd2peE57 (Anders Apelstam); i-UDziRjgcxgNjFct4MavzVQ (Edward Kinberg); i-Uh4cCK1LpYUrgkGNfFiCKh (Richard Åkerman); i-W8sBcvRsddpMCiVmEeekWs (Harald Spens); i-WS6avHnstrES8AWCVeqaD9 (Johan Gripenstedt); i-Wjs7vhiqPDs5DWBCyXkc77 (James Kennedy); i-YBeHR1zEBPMM35nMEreTz (Ernst Trygger); i-YQ6g7JsKJpiQK8dbyD7FQo (Carl David Uppström); i-YQVJCQSW4NWPJmxYfGu3f9 (Knut Bohnstedt); i-YSW8Kg6NVNWR81nXxwY7Pw (Gustaf Berg); i-YVqWZSiikwY2UYC3gt2RvM (Edvard Lithander)	i-7QiMQk25eeqJqnZvPQk62u; i-87LPANBiBX7wLgJ4qtMBss; i-Fnu186BGHvvTJDuB7t6zMb; i-GiW7zxnS4J1KGakxdFC177; i-KzhJSRaBr9JNVkiCURFzgr; i-U1HgHsSCQwRnuUvdRGojU4; i-YFmh6ABc2GTvHAkuL7pFAP	https://github.com/swerik-project/riksdagen-motions/blob/main/data/1905/mot-1905-urtima-fk--00004.xml
data/1941/mot-1941--ak--00182.xml	1941	9	10	0.9	0.1	1	0	0	1	i-4pbAgoLV1BB3FE92CBZsfH; i-BtEDDc8ZkodPivwnvjZCKA; i-CTtrTJpWLfPLDUNWuLctMB; i-De6ztVBeHosJZpNFbNMrgb; i-LLPdvUTDtpNaANEj1n45Nf; i-N5DuX7A68dF9YwBSdFfwP1; i-S92z7L9SoJUQxxSTuD5rGN; i-Ww6YauTo4CWyVs9d39mFxt; i-XQDnBCoJiibzSPLTXopxxL	i-4pbAgoLV1BB3FE92CBZsfH (Lars Andersson); i-BtEDDc8ZkodPivwnvjZCKA (Lars Jonsson); i-CTtrTJpWLfPLDUNWuLctMB (Emil Petersson); i-De6ztVBeHosJZpNFbNMrgb (Ivar Jansson); i-LLPdvUTDtpNaANEj1n45Nf (Ewald Lindmark); i-N5DuX7A68dF9YwBSdFfwP1 (Oskar Åkerström); i-S92z7L9SoJUQxxSTuD5rGN (Olof Gavelin); i-Ww6YauTo4CWyVs9d39mFxt (Uddo Jacobson); i-XQDnBCoJiibzSPLTXopxxL (Oscar Lövgren)	i-3139LqaoEDPArxpLRyxXT8	https://github.com/swerik-project/riksdagen-motions/blob/main/data/1941/mot-1941--ak--00182.xml
data/1950/mot-1950--ak--00312.xml	1950	9	10	0.9	0.1	1	0	0	1	i-184mh7uhT7D8tGsavsHbSJ; i-AM9FiHBfEfHmx9V5MLBTSB; i-AsKctAWx6ZcmMUPi7YHKuw; i-CHK4pmDUSNrTx9whg8Wpnu; i-F8bSD7JcePAy5c3DWYPLRs; i-HdDQYxRiHYqcNA8if825dE; i-NBpwJayKpXu4u1Uu87zKT1; i-QLRfUBaY66hqqMHQpis9sH; i-UbdkaWThBLeb83tF5THaPC	i-184mh7uhT7D8tGsavsHbSJ (Arthur Widén); i-AM9FiHBfEfHmx9V5MLBTSB (Karl Björkänge); i-AsKctAWx6ZcmMUPi7YHKuw (Harald Andersson); i-CHK4pmDUSNrTx9whg8Wpnu (Johannes Onsjö); i-F8bSD7JcePAy5c3DWYPLRs (Sven Vigelsbo); i-HdDQYxRiHYqcNA8if825dE (David Boman); i-NBpwJayKpXu4u1Uu87zKT1 (Edvin Jacobsson); i-QLRfUBaY66hqqMHQpis9sH (Karl-Gustaf Wirtén); i-UbdkaWThBLeb83tF5THaPC (Hjalmar Åhman)	i-CYQXMbTJsLyt2Dt3gwbE3g	https://github.com/swerik-project/riksdagen-motions/blob/main/data/1950/mot-1950--ak--00312.xml
data/198283/mot-198283--01923.xml	198283	8	9	0.8888888888888888	0.1111111111111111	1	0	8	9	i-3fAnC8TbAVjy9BhJnxfPUh; i-AZnaWEAg22YQ3HzVMfNSHR; i-Ay6zrjzeNnZpMAPRBGZ8tC; i-B1QAmZ6hd8iYYbZ4y9ee12; i-GcretNrb4CSsqYkgqQqowA; i-RULC5JA5WV3y9ZKs31VLzx; i-VvqVwyrQgUiYjtEt3CpQcM; i-WtVUiHZh5LgiVdShZaxhhB	i-3fAnC8TbAVjy9BhJnxfPUh (Blenda Littmarck); i-AZnaWEAg22YQ3HzVMfNSHR (Carl Bildt); i-Ay6zrjzeNnZpMAPRBGZ8tC (Gunnar Hökmark); i-B1QAmZ6hd8iYYbZ4y9ee12 (Alf Wennerfors); i-GcretNrb4CSsqYkgqQqowA (Barbro Nilsson); i-RULC5JA5WV3y9ZKs31VLzx (Göran Ericsson); i-VvqVwyrQgUiYjtEt3CpQcM (Knut Billing); i-WtVUiHZh5LgiVdShZaxhhB (Birgitta Rydle)	i-3uaN5fvSUmBMXgqnzrb6Yb	https://github.com/swerik-project/riksdagen-motions/blob/main/data/198283/mot-198283--01923.xml
data/1937/mot-1937--ak--00034.xml	1937	6	7	0.8571428571428571	0.14285714285714285	1	0	0	1	i-2DwRqPaUX1EqrTDhVYFKdv; i-4qFN14HKgUSk7schAQ7BuV; i-BpbhXD9KYF8b5MTBrbGPWZ; i-Jq77obBeFLvgxhwoo4hA4K; i-M9s3VesB8pm5GqJBfxSBjq; i-UkPu6xRQoyHrcwsU2NXATa	i-2DwRqPaUX1EqrTDhVYFKdv (Ernst Åqvist); i-4qFN14HKgUSk7schAQ7BuV (Wilhelm Annér); i-BpbhXD9KYF8b5MTBrbGPWZ (Carl Björling); i-Jq77obBeFLvgxhwoo4hA4K (Oscar Johanson); i-M9s3VesB8pm5GqJBfxSBjq (August Danielsson); i-UkPu6xRQoyHrcwsU2NXATa (Evert Sandberg)	i-Y3KDvt8APMXFLxTKEtZKku	https://github.com/swerik-project/riksdagen-motions/blob/main/data/1937/mot-1937--ak--00034.xml
data/198182/mot-198182--01603.xml	198182	6	7	0.8571428571428571	0.14285714285714285	1	0	7	8	i-8743Lhyk8SSNk8Ne84jigz; i-CMGiiZNVocLdbkuKqXgWTG; i-EQSJnvt3y9r5wULtNbkTNu; i-FiisfXYQcUpGymcboYQpoF; i-QRDnfz9zaiXo7A1SpAi1dM; i-RPvXiWoVbPvNZBh8bxVvbB	i-8743Lhyk8SSNk8Ne84jigz (Eivor Marklund); i-CMGiiZNVocLdbkuKqXgWTG (Nils Berndtson); i-EQSJnvt3y9r5wULtNbkTNu (Jörn Svensson); i-FiisfXYQcUpGymcboYQpoF (C.-H. Hermansson); i-QRDnfz9zaiXo7A1SpAi1dM (Bertil Måbrink); i-RPvXiWoVbPvNZBh8bxVvbB (Eva Hjelmström)	i-5wPAQ1MDLRTsW1XngYcD46	https://github.com/swerik-project/riksdagen-motions/blob/main/data/198182/mot-198182--01603.xml
data/198990/mot-198990-NU-00483.xml	198990	6	7	0.8571428571428571	0.14285714285714285	1	0	7	8	i-GaozvGLNGCb9Vstyp2PrQH; i-HK9qYnVFN9ozMjewUoj5Ya; i-QRDnfz9zaiXo7A1SpAi1dM; i-SZKUTdtCrCo58yNCQsH76; i-XxMRaKyWvbxm3uJmt8WBtZ; i-rrg9t2XUkHE4iAjAykgpb	i-GaozvGLNGCb9Vstyp2PrQH (Lars-Ove Hagberg); i-HK9qYnVFN9ozMjewUoj5Ya (Bo Hammar); i-QRDnfz9zaiXo7A1SpAi1dM (Bertil Måbrink); i-SZKUTdtCrCo58yNCQsH76 (Ylva Johansson); i-XxMRaKyWvbxm3uJmt8WBtZ (Margó Ingvardsson); i-rrg9t2XUkHE4iAjAykgpb (Berith Eriksson)	i-5wPAQ1MDLRTsW1XngYcD46	https://github.com/swerik-project/riksdagen-motions/blob/main/data/198990/mot-198990-NU-00483.xml
data/1918/mot-1918--ak--00022.xml	1918	27	36	0.75	0.25	9	0	3	12	i-3139LqaoEDPArxpLRyxXT8; i-33NyqMNjzDHeZyWFbFruFj; i-4n1jVeXSASHcu8otmsgFaZ; i-5FVdMDpYqfd1DagjigQmtP; i-68jMa5pY6MfnhKzmEFaxtd; i-6sN96xLz1oU7eeLsHhdGvq; i-7T7anLoEaCUNaqBzA2gJY6; i-9vaPeJXzHNY4GewzmyfoX1; i-AuDFSNHXg72pSatxXN4KsX; i-EEgp39w6M66SH9dRdqEEBo; i-EfAM5G3DJEfvAmPswNVe8G; i-FDVfwmP4JrDHZEsdcS6SN; i-FMmERwnYXRjNZmhsggDb2Y; i-Fwtr41iSkotzGb54DXogUy; i-GUQT4NRF9jHSr6mxy1pdd1; i-JdC8fmaurdMQcePeV6vVug; i-MJL89J5NnS7c2Vx7JY9Uga; i-RZvCDDC9zwyuV3rH48onze; i-TYpddiX12HJSyT4ZVp2VpB; i-TinjVHybdUQSFE1ugBX4dP; i-WEQD8hgUpQwg9GBpzPS913; i-WzXyAHxnTgrbooSGfnLneN; i-X9CKrvcskCx1d456DMZZSv; i-XFEhRzCFQQDP2ss1U1FZYV; i-XQDnBCoJiibzSPLTXopxxL; i-XnS7fqeXfiQQG94B2iCtBm; i-XsqTLM8XkrWMMmESz97Mak	i-3139LqaoEDPArxpLRyxXT8 (Ernst Hage); i-33NyqMNjzDHeZyWFbFruFj (Erik Gustaf Johansson); i-4n1jVeXSASHcu8otmsgFaZ (Emil Molin); i-5FVdMDpYqfd1DagjigQmtP (Ingebrikt Bergman); i-68jMa5pY6MfnhKzmEFaxtd (Gustaf Nilsson); i-6sN96xLz1oU7eeLsHhdGvq (Olof Olsson); i-7T7anLoEaCUNaqBzA2gJY6 (Ernst Lindley); i-9vaPeJXzHNY4GewzmyfoX1 (Per Albert Bäckman); i-AuDFSNHXg72pSatxXN4KsX (Petrus Bergström); i-EEgp39w6M66SH9dRdqEEBo (Anton Wikström); i-EfAM5G3DJEfvAmPswNVe8G (Wilhelm Edbom); i-FDVfwmP4JrDHZEsdcS6SN (Olof Jonsson); i-FMmERwnYXRjNZmhsggDb2Y (Johan Olofsson); i-Fwtr41iSkotzGb54DXogUy (Karl Johan Karlsson); i-GUQT4NRF9jHSr6mxy1pdd1 (Carl Lindmark); i-JdC8fmaurdMQcePeV6vVug (Sten Berglund); i-MJL89J5NnS7c2Vx7JY9Uga (Anders Wiklund); i-RZvCDDC9zwyuV3rH48onze (Nils Erik Nilsson); i-TYpddiX12HJSyT4ZVp2VpB (Petrus Lidström); i-TinjVHybdUQSFE1ugBX4dP (Werner Bäckström); i-WEQD8hgUpQwg9GBpzPS913 (Johan Rehn); i-WzXyAHxnTgrbooSGfnLneN (Kristoffer Bergström); i-X9CKrvcskCx1d456DMZZSv (Carl Öberg); i-XFEhRzCFQQDP2ss1U1FZYV (Nils Olsson); i-XQDnBCoJiibzSPLTXopxxL (Oscar Lövgren); i-XnS7fqeXfiQQG94B2iCtBm (Johan Andersson); i-XsqTLM8XkrWMMmESz97Mak (Jon Jonsson)	i-3DLEKns8xgJB66t2ZrR5T6; i-5VLeRuY2ZxCANAfXVjtfFZ; i-DAH7HE7hyooQ6Npv1s89cz; i-HRHmpWFqQQ3m7SzQAG7rH2; i-JC4yT43VjuXRRqfGmkRoTB; i-MayVboVGayNDk8VkKpWKZY; i-PkDNy9bEbEnW9xaNKSjppw; i-VtEQ8SVLoatCxVAtXfHKdk; i-Xnfdsoak1nYgytrHECpTyA	https://github.com/swerik-project/riksdagen-motions/blob/main/data/1918/mot-1918--ak--00022.xml
data/1924/mot-1924--ak--00357.xml	1924	9	12	0.75	0.25	3	0	4	7	i-2Jx7WEDYHWuMCtxq8yapD7; i-4e7XieU4tkMVuMm7L6tFXX; i-5ocMrCNXM69xuk4ciQWBnF; i-FCMnpjWTxQ3MKDCVHqbnHZ; i-HNYe8aujVCZTrocrTDPodK; i-HiSGGff3XbikXDhwU1utTf; i-MHwzHx2BRZmuZPpg2gHYPQ; i-MzxPq6KWGSAnEqQ2YUDct8; i-P3dC4LeKcDypuSdFykN44g	i-2Jx7WEDYHWuMCtxq8yapD7 (Anton Björklund); i-4e7XieU4tkMVuMm7L6tFXX (Carl Wilhelm Oskar Höglund); i-5ocMrCNXM69xuk4ciQWBnF (Ernst Eriksson); i-FCMnpjWTxQ3MKDCVHqbnHZ (Per Granath); i-HNYe8aujVCZTrocrTDPodK (Helmer Lagerkvist); i-HiSGGff3XbikXDhwU1utTf (Martin Jensen); i-MHwzHx2BRZmuZPpg2gHYPQ (Gottfrid Karlsson); i-MzxPq6KWGSAnEqQ2YUDct8 (Henning Leo); i-P3dC4LeKcDypuSdFykN44g (Helge Bäcklund)	i-3139LqaoEDPArxpLRyxXT8; i-UB6tzZLvjH1LGZxk45Pj6K; i-UKeq6sadnYjRiFDYtsxLLW	https://github.com/swerik-project/riksdagen-motions/blob/main/data/1924/mot-1924--ak--00357.xml
data/1931/mot-1931--ak--00357.xml	1931	3	4	0.75	0.25	1	0	0	1	i-2LyiizD6VQaXk9cXFoZXaj; i-Akw6TaNXU6i1CPtvUchuu3; i-UQqGFoa8dKdxwwNw6kCAkL	i-2LyiizD6VQaXk9cXFoZXaj (Erik W. Ljung); i-Akw6TaNXU6i1CPtvUchuu3 (Emil Gustafson); i-UQqGFoa8dKdxwwNw6kCAkL (Gerhard Strindlund)	i-Tc8VMuJnL4XJ63fbqea4qU	https://github.com/swerik-project/riksdagen-motions/blob/main/data/1931/mot-1931--ak--00357.xml
data/1934/mot-1934--fk--00051.xml	1934	3	4	0.75	0.25	1	0	0	1	i-8kjX8VM7z6VKtmJHMfmeZb; i-B9krH8HXZPSWGdDWnrPma5; i-SXTzc5s67vJRpnHZmgAvDS	i-8kjX8VM7z6VKtmJHMfmeZb (Nils Arvedson); i-B9krH8HXZPSWGdDWnrPma5 (Leonard Tjällgren); i-SXTzc5s67vJRpnHZmgAvDS (Gustaf Strömberg)	i-LoFMiXAZxgjLQWL3sNbXGS	https://github.com/swerik-project/riksdagen-motions/blob/main/data/1934/mot-1934--fk--00051.xml
data/1938/mot-1938--ak--00414.xml	1938	3	4	0.75	0.25	1	0	0	1	i-3FZHxgo9GniUc1FF973iHh; i-HrZsKAqAFtubE4g6dXmo5N; i-RJ9jccyWpgPULxxsYHhYyB	i-3FZHxgo9GniUc1FF973iHh (Ragnar Barnekow); i-HrZsKAqAFtubE4g6dXmo5N (Arvid De Geer); i-RJ9jccyWpgPULxxsYHhYyB (Björn Frithiofsson Holmgren)	i-VMgGbpTRTohGJnt8ysZSbi	https://github.com/swerik-project/riksdagen-motions/blob/main/data/1938/mot-1938--ak--00414.xml
data/1939/mot-1939--fk--00327.xml	1939	3	4	0.75	0.25	1	0	0	1	i-28QtNdtNvYW5KVgFHRDL4R; i-GWCWCEFyM4JFjgRacrhwXe; i-MSjNBHZMhSJTRmVbnBc4VR	i-28QtNdtNvYW5KVgFHRDL4R (Lage Svedberg); i-GWCWCEFyM4JFjgRacrhwXe (Carl Immanuel Asplund); i-MSjNBHZMhSJTRmVbnBc4VR (Pelle Näslund)	i-MV4Dj57kke85AeEXacFKNd	https://github.com/swerik-project/riksdagen-motions/blob/main/data/1939/mot-1939--fk--00327.xml
data/1943/mot-1943--fk--00056.xml	1943	3	4	0.75	0.25	1	0	0	1	i-L31knc1H7Q8uzLgTZoFx7A; i-MSjNBHZMhSJTRmVbnBc4VR; i-mww7tEHuUV6dtyoLF8VZA	i-L31knc1H7Q8uzLgTZoFx7A (Åke Holmbäck); i-MSjNBHZMhSJTRmVbnBc4VR (Pelle Näslund); i-mww7tEHuUV6dtyoLF8VZA (Primus Wahlmark)	i-UTrfAgi22ghfsPezLcB8vV	https://github.com/swerik-project/riksdagen-motions/blob/main/data/1943/mot-1943--fk--00056.xml
data/1944/mot-1944--ak--00111.xml	1944	3	4	0.75	0.25	1	0	0	1	i-76SNFscuEcje1Vek94C3va; i-P4bPUPyGmqoAqg292wWb7Z; i-VRK4jvXteD5oQpqXgdmTs6	i-76SNFscuEcje1Vek94C3va (Ebon Andersson); i-P4bPUPyGmqoAqg292wWb7Z (Olivia Nordgren); i-VRK4jvXteD5oQpqXgdmTs6 (Hildur Nygren)	i-QsRRYg3noSN6oWApGgXLGF	https://github.com/swerik-project/riksdagen-motions/blob/main/data/1944/mot-1944--ak--00111.xml
data/1950/mot-1950--fk--00428.xml	1950	3	4	0.75	0.25	1	0	0	1	i-EaZnKH6pxHCkXzigK6A5oV; i-LASmHrbJnU6cgbkm7wkovE; i-XxxhK5cXr2wqWtUSsWnphS	i-EaZnKH6pxHCkXzigK6A5oV (Anna Sjöström-Bengtsson); i-LASmHrbJnU6cgbkm7wkovE (Bror Nilsson); i-XxxhK5cXr2wqWtUSsWnphS (Torsten Bengtson)	i-Ry79up6brcPYr8wj2XgxHz	https://github.com/swerik-project/riksdagen-motions/blob/main/data/1950/mot-1950--fk--00428.xml
data/1960/mot-1960--fk--00415.xml	1960	3	4	0.75	0.25	1	0	0	2	i-AeRihY4YpUHoYMdpRJ5j33; i-BjeM1Hsbrf8mM7JBLXtGFk; i-PHRNhFwHoTM7WGoisPA8cq	i-AeRihY4YpUHoYMdpRJ5j33 (Nils Hansson); i-BjeM1Hsbrf8mM7JBLXtGFk (Gunnar Spetz); i-PHRNhFwHoTM7WGoisPA8cq (Hugo Osvald)	i-LqZVb6hLZp6CQ14f85xa4x	https://github.com/swerik-project/riksdagen-motions/blob/main/data/1960/mot-1960--fk--00415.xml
data/1964/mot-1964--ak--00050.xml	1964	3	4	0.75	0.25	1	0	0	1	i-9Y4xyA9x1QxKAxWcTDiJ57; i-GPYC16egTa8Yn3wguN6WLg; i-M4NwryA2HF7uey8djEDX9X	i-9Y4xyA9x1QxKAxWcTDiJ57 (Gunvor Ryding); i-GPYC16egTa8Yn3wguN6WLg (Hilding Hagberg); i-M4NwryA2HF7uey8djEDX9X (Helmer Holmberg)	i-FiisfXYQcUpGymcboYQpoF	https://github.com/swerik-project/riksdagen-motions/blob/main/data/1964/mot-1964--ak--00050.xml
data/1871/mot-1871--ak--00125.xml	1871	2	3	0.6666666666666666	0.3333333333333333	1	0	1	2	i-CyRoxEq2KbDs42MtkNnNiv; i-PpXkS4cgF1EgE9P8Av12WY	i-CyRoxEq2KbDs42MtkNnNiv (Anders Andersson); i-PpXkS4cgF1EgE9P8Av12WY (Anders Bäckström)	i-WPYsj5FcCBkGfYE9xtHntv	https://github.com/swerik-project/riksdagen-motions/blob/main/data/1871/mot-1871--ak--00125.xml
data/1932/mot-1932--ak--00285.xml	1932	2	3	0.6666666666666666	0.3333333333333333	1	0	1	2	i-C4QS4gxWUMydutdM42dsft; i-NasoKo22FEwsYPxLF5Y2fq	i-C4QS4gxWUMydutdM42dsft (Karl Magnusson); i-NasoKo22FEwsYPxLF5Y2fq (Karl Wirsell)	i-3BzZTfoTmKWciTnZwiHZVs	https://github.com/swerik-project/riksdagen-motions/blob/main/data/1932/mot-1932--ak--00285.xml
data/1961/mot-1961--fk--00181.xml	1961	3	5	0.6	0.4	2	2	2	8	i-76SNFscuEcje1Vek94C3va; i-CbLt4jaPJd5mKjDaGXr293; i-DZnFKHRVhVQYnGq7dU8UeP	i-76SNFscuEcje1Vek94C3va (Ebon Andersson); i-CbLt4jaPJd5mKjDaGXr293 (Anders Johansson); i-DZnFKHRVhVQYnGq7dU8UeP (Axel Strand)	i-EUDRv3EqvNVr8K5AXzVcTU; i-EZEtDK9JHw3Gk7dkPLEyuw; i-JJbUecmn3MSCSN2PV2BVLq; i-Lr6SgKhYd2CyYMfVp5ZboP	https://github.com/swerik-project/riksdagen-motions/blob/main/data/1961/mot-1961--fk--00181.xml
data/1929/mot-1929--ak--00117.xml	1929	3	6	0.5	0.5	3	0	0	3	i-ATZej4sqnWosVieztaCqD4; i-HiVV5oHUvJvLx8V2dQFLFu; i-PxJkAua7y2xMDdFhtkakAi	i-ATZej4sqnWosVieztaCqD4 (Anders Hansson); i-HiVV5oHUvJvLx8V2dQFLFu (Emil Bengtsson); i-PxJkAua7y2xMDdFhtkakAi (Wiktor Mårtensson)	i-3139LqaoEDPArxpLRyxXT8; i-HNYe8aujVCZTrocrTDPodK; i-Niq4WHb47qWzpgYWbjAE2Y	https://github.com/swerik-project/riksdagen-motions/blob/main/data/1929/mot-1929--ak--00117.xml
data/199495/mot-199495-AU-00803.xml	199495	3	6	0.5	0.5	3	0	3	6	i-5q7m7rZyufN9RHaGjB6GHh; i-LB9Tn6B1RXiAHZEWEK1hYC; i-QCRg2KTsg7cQV6CGsVeAfY	i-5q7m7rZyufN9RHaGjB6GHh (Björn Samuelson); i-LB9Tn6B1RXiAHZEWEK1hYC (Ulla Hoffmann); i-QCRg2KTsg7cQV6CGsVeAfY (Hans Andersson)	i-6nbWfYQYwqJtM2XLoDTFkR; i-Kytbd3WZfQeKTPffXjTEpk; i-LzYBGnvuhNHdQ7LQKPA6UJ	https://github.com/swerik-project/riksdagen-motions/blob/main/data/199495/mot-199495-AU-00803.xml
data/1885/mot-1885--ak--00142.xml	1885	1	2	0.5	0.5	1	0	3	4	i-B1TD61aoCX1X8inXyshE45	i-B1TD61aoCX1X8inXyshE45 (Josef Smedberg)	i-DbdvN45VmHEK9gFMtoD6DC	https://github.com/swerik-project/riksdagen-motions/blob/main/data/1885/mot-1885--ak--00142.xml
data/1912/mot-1912--fk--00110.xml	1912	1	2	0.5	0.5	1	0	2	3	i-XLVGDGtQ7NCyXWncMFEL2t	i-XLVGDGtQ7NCyXWncMFEL2t (Johan Nilsson)	i-BedoVVUtGhYy2ZeyUHdGDk	https://github.com/swerik-project/riksdagen-motions/blob/main/data/1912/mot-1912--fk--00110.xml
data/1916/mot-1916--ak--00013.xml	1916	1	2	0.5	0.5	1	0	1	2	i-DxLwWYaykm3cqWP9bLmY7Y	i-DxLwWYaykm3cqWP9bLmY7Y (Karl Sanfrid Viktor Welin)	i-Rouy7d9ZiNkiBXQ6AyWuoA	https://github.com/swerik-project/riksdagen-motions/blob/main/data/1916/mot-1916--ak--00013.xml
data/1920/mot-1920--ak--00071.xml	1920	1	2	0.5	0.5	1	0	2	3	i-RqR2A6377nKn1urUCF35Tf	i-RqR2A6377nKn1urUCF35Tf (Otto Magnusson)	i-MzxPq6KWGSAnEqQ2YUDct8	https://github.com/swerik-project/riksdagen-motions/blob/main/data/1920/mot-1920--ak--00071.xml
data/1923/mot-1923--fk--00134.xml	1923	1	2	0.5	0.5	1	0	1	2	i-DVBTR4FnJMy9pff8g7tptN	i-DVBTR4FnJMy9pff8g7tptN (Carl Winberg)	i-Si8rApVLkHjESceLe7GG8E	https://github.com/swerik-project/riksdagen-motions/blob/main/data/1923/mot-1923--fk--00134.xml
data/1940/mot-1940--fk--00176.xml	1940	1	2	0.5	0.5	1	0	1	2	i-LASmHrbJnU6cgbkm7wkovE	i-LASmHrbJnU6cgbkm7wkovE (Bror Nilsson)	i-7NJGhWZzuhPwCAawWis5wT	https://github.com/swerik-project/riksdagen-motions/blob/main/data/1940/mot-1940--fk--00176.xml
data/1951/mot-1951--ak--00225.xml	1951	1	2	0.5	0.5	1	1	2	4	i-TW2v8kvC9bB35Jx86j8aCC	i-TW2v8kvC9bB35Jx86j8aCC (Olof Andersson)	i-LhYyN2c3mQaesyUNSPg5Uq; i-PxJkAua7y2xMDdFhtkakAi	https://github.com/swerik-project/riksdagen-motions/blob/main/data/1951/mot-1951--ak--00225.xml
data/1953/mot-1953--ak--00352.xml	1953	1	2	0.5	0.5	1	0	1	2	i-JgRYTBR82A6fZXYWrDDTJv	i-JgRYTBR82A6fZXYWrDDTJv (Carl Schmidt)	i-WJt9CvN6go2ndHjsmuUcHK	https://github.com/swerik-project/riksdagen-motions/blob/main/data/1953/mot-1953--ak--00352.xml
data/1969/mot-1969--ak--00240.xml	1969	1	2	0.5	0.5	1	0	1	2	i-X5irVMYi38e9gismX36fph	i-X5irVMYi38e9gismX36fph (Erik Larsson)	i-UgwyXZW5Y9UVnaeQC5yZU8	https://github.com/swerik-project/riksdagen-motions/blob/main/data/1969/mot-1969--ak--00240.xml
data/1975/mot-1975--00190.xml	1975	1	2	0.5	0.5	1	1	0	2	i-Af27F1xYCu7PKfDmUgU7Xb	i-Af27F1xYCu7PKfDmUgU7Xb (Bengt Börjesson)	i-DuMmQVGSnykDcj8ZwohCuA; i-TihcZVivd1iNxtjFf2UaF4	https://github.com/swerik-project/riksdagen-motions/blob/main/data/1975/mot-1975--00190.xml
data/1975/mot-1975--01730.xml	1975	1	2	0.5	0.5	1	1	0	2	i-RdtwPwmDryD4dZ2sTKd25K	i-RdtwPwmDryD4dZ2sTKd25K (Gunnar Oskarsson)	i-BTQHo9TKPt4psovBo1HK4X; i-TPFPkNeAnPLVG6gbmTwyFe	https://github.com/swerik-project/riksdagen-motions/blob/main/data/1975/mot-1975--01730.xml
data/197576/mot-197576--00172.xml	197576	1	2	0.5	0.5	1	0	1	2	i-E7dNofGGgvG7ZPBxoj8tgD	i-E7dNofGGgvG7ZPBxoj8tgD (Sven Johansson)	i-Xzs7rTBPiVT3KgfuoVSczD	https://github.com/swerik-project/riksdagen-motions/blob/main/data/197576/mot-197576--00172.xml
data/198990/mot-198990-TU-00332.xml	198990	1	2	0.5	0.5	1	0	1	2	i-BTYdghU4EMq5Q5aBuDLzBK	i-BTYdghU4EMq5Q5aBuDLzBK (Lola Björkquist)	i-NgCTKqp2fs7ZtdGdg2MLiL	https://github.com/swerik-project/riksdagen-motions/blob/main/data/198990/mot-198990-TU-00332.xml
data/1954/mot-1954--ak--00118.xml	1954	6	13	0.46153846153846156	0.5384615384615384	7	0	1	8	i-5YjySGNGBDgJddfFWCCv5Z; i-6PeNM1B9NsCjyScL117vps; i-Q5eDvEJRU74CUef88BpzKH; i-YEp8x3e1ZbGQFgCKjosuij; i-YFcDgybBxXNA8FKegvjZyV; i-oWcw76s14AfREuSzMW7Ni	i-5YjySGNGBDgJddfFWCCv5Z (Nils Jönsson); i-6PeNM1B9NsCjyScL117vps (Sven Gustafson); i-Q5eDvEJRU74CUef88BpzKH (Alarik Hagård); i-YEp8x3e1ZbGQFgCKjosuij (Samuel Norrby); i-YFcDgybBxXNA8FKegvjZyV (Harry Carlsson); i-oWcw76s14AfREuSzMW7Ni (Axel Gustafsson)	i-184mh7uhT7D8tGsavsHbSJ; i-9csrSsTp3kPVAcfCYPLzkX; i-Cgjpze7tVXfB3avYEk3Fuj; i-EuDLsjc6kknhMzPB1UFjeq; i-TDRZedtxwSUsCqxKHfb7My; i-XD5q9S6mMdHF4YeAdX1eSp; i-XjJSAF3ZesohNnEDqUn3Eo	https://github.com/swerik-project/riksdagen-motions/blob/main/data/1954/mot-1954--ak--00118.xml
data/1914/mot-1914-a-ak--00066.xml	1914	5	11	0.45454545454545453	0.5454545454545454	6	0	5	11	i-3eyX9xS4WQ3JLxhqJxXaHE; i-7X1urHCX2551dpKM4vtZT2; i-D9e1qBZk5bQ47d1qTpxkFS; i-GcSuPZvJtsaci7tEAyk4PJ; i-WcFxEhfmvQmsKmKrYGvvSU	i-3eyX9xS4WQ3JLxhqJxXaHE (August Larsson); i-7X1urHCX2551dpKM4vtZT2 (Carl Olsson); i-D9e1qBZk5bQ47d1qTpxkFS (Erland von Hofsten); i-GcSuPZvJtsaci7tEAyk4PJ (Otto Holmdahl); i-WcFxEhfmvQmsKmKrYGvvSU (Gustaf Sjöberg)	i-5Pgd1MBaZKxCK4kGqXRHkQ; i-HWxc5gWNq1Au8fJe24ABtF; i-T2ePUp7uVeKir5yx9GStFh; i-T2qfd2gPbbrGjdUfD6ENGo; i-Y36Nf5Joan9UkWc6D3L22k; i-rTJYipszwy7NHLZruxVHz	https://github.com/swerik-project/riksdagen-motions/blob/main/data/1914/mot-1914-a-ak--00066.xml
data/1933/mot-1933--ak--00515.xml	1933	5	11	0.45454545454545453	0.5454545454545454	6	0	4	10	i-8BMBMzFxLfhpheTNnBRi3a; i-GeMD7gW89TWx85q2X1f9sz; i-LSDmwKMAoSjQqdLsWLpezr; i-PkDNy9bEbEnW9xaNKSjppw; i-XqKbySrEocjq4LS7n5V8UD	i-8BMBMzFxLfhpheTNnBRi3a (Nils Persson); i-GeMD7gW89TWx85q2X1f9sz (John Gustafsson); i-LSDmwKMAoSjQqdLsWLpezr (Nils Nilsson); i-PkDNy9bEbEnW9xaNKSjppw (Samuel Hedlund); i-XqKbySrEocjq4LS7n5V8UD (Torsten Lundell)	i-3dCbfHyU9MxJcgj1TW7upt; i-7wpJfhsL3MajNFbj85uaha; i-FhTohnRic91X2Lkt914b7Q; i-RNDaEQyBmXoug73iH61z2n; i-SXv5Tc5coUXhzaHBJfs33a; i-YLYgwWkay3eTxx2S1Y9nQY	https://github.com/swerik-project/riksdagen-motions/blob/main/data/1933/mot-1933--ak--00515.xml
data/1900/mot-1900--ak--00151.xml	1900	6	14	0.42857142857142855	0.5714285714285714	8	1	5	14	i-5wWRJAXfVgvuneH3sdAR6w; i-6WG5sy3umvRtHKftBHDXCs; i-JEgc1aAvpjdwHjnsG3nTk5; i-M3KsriBtBmH4v2DUpjuGUU; i-S5mRUGGT3RXeRgMjsKf4P4; i-X7kXqhE1n1PkiMA2ijiw2b	i-5wWRJAXfVgvuneH3sdAR6w (Karl Karlsson); i-6WG5sy3umvRtHKftBHDXCs (Jean Kinnman); i-JEgc1aAvpjdwHjnsG3nTk5 (Anders Thylander); i-M3KsriBtBmH4v2DUpjuGUU (Theodor Lundgren); i-S5mRUGGT3RXeRgMjsKf4P4 (Tage Gussing); i-X7kXqhE1n1PkiMA2ijiw2b (Hans Pantzarhielm)	i-2ajxL1uZzxQsvJXngW96hD; i-3FXDiNFhMaD2xtLwqRVLbs; i-8PVe98F8qyBcQbdgnawnR4; i-CJrCTNjx52Xn65aijhiykK; i-GbhiuQPNmKizBowZVk5os8; i-R9MyGXJGkxUW6BDGZnaPCF; i-Shx8s54ySb2pPVzcDRXmxN; i-SuBtdXciX6FHNe1ctVkGSc; i-TacmzADgTQdMWZvbdHxmSf	https://github.com/swerik-project/riksdagen-motions/blob/main/data/1900/mot-1900--ak--00151.xml
data/1973/mot-1973--02004.xml	1973	6	14	0.42857142857142855	0.5714285714285714	8	0	0	8	i-3ChvFB2zr9iHy1ZRMn1Ban; i-8aNTXCV4f9MdU7Dz15ZXyB; i-9pZ6GzfD2R22bxSydJmuYz; i-BtQ4ubBXfEg4xPiwpPM4Vt; i-GNWd5uE9fySggzZr5teCwt; i-MHvgjmzw3jqPLk3AHQUFKw	i-3ChvFB2zr9iHy1ZRMn1Ban (Ingemar Mundebo); i-8aNTXCV4f9MdU7Dz15ZXyB (Per Ahlmark); i-9pZ6GzfD2R22bxSydJmuYz (Karl Erik Eriksson); i-BtQ4ubBXfEg4xPiwpPM4Vt (Rolf Wirtén); i-GNWd5uE9fySggzZr5teCwt (Ingegärd Frænkel); i-MHvgjmzw3jqPLk3AHQUFKw (Sigvard Larsson)	i-6PeNM1B9NsCjyScL117vps; i-DYgzAT37kBVShgAsK7YzHQ; i-Fs9KpZYHZp1uu9ioJZkH5D; i-Hu7hKPMf4mxcMxbTcp28NL; i-QXiGidLhFr3yVPmDxRSa4h; i-QoeFZWNQgLDU6t6B6RuPtd; i-Qz4kjjKSzCm5RwSxi2vkro; i-X1ToJn6x8wK4Am2pyYt2KG	https://github.com/swerik-project/riksdagen-motions/blob/main/data/1973/mot-1973--02004.xml
data/1934/mot-1934--ak--00588.xml	1934	8	20	0.4	0.6	12	0	10	22	i-3NpPy7cWbyt37LTiEpxrRp; i-49Rvc53FLRxQqqUSrx5ovT; i-57VtU3DUgS6ebh11mtUQes; i-77FGvnep7Gztpndh5FShSM; i-DXGYFK7qyjVCT7njRxj8GT; i-EEgp39w6M66SH9dRdqEEBo; i-MSjNBHZMhSJTRmVbnBc4VR; i-UkPu6xRQoyHrcwsU2NXATa	i-3NpPy7cWbyt37LTiEpxrRp (Anders Olsson); i-49Rvc53FLRxQqqUSrx5ovT (Per Persson); i-57VtU3DUgS6ebh11mtUQes (Gustaf Henning Andersson); i-77FGvnep7Gztpndh5FShSM (Sven Olsson); i-DXGYFK7qyjVCT7njRxj8GT (Vira Eklund); i-EEgp39w6M66SH9dRdqEEBo (Anton Wikström); i-MSjNBHZMhSJTRmVbnBc4VR (Pelle Näslund); i-UkPu6xRQoyHrcwsU2NXATa (Evert Sandberg)	i-2DwRqPaUX1EqrTDhVYFKdv; i-3R7qLxY2CURc4oEqo2xMKC; i-7NooNyWKJ33i7YNm5KahRn; i-8nZWeqDZ1EQukJx25JyrWc; i-A8WYbyYxrhjfUex6Z8WMVq; i-EKaDexh9v9nEiz9rz9MXY2; i-LJhRkyGqGFgicSSzZPbftJ; i-MdKdj31R1hhyAkPqoQG1m6; i-MinYXrWbVq4kzHJJZ5VBTd; i-PBaPNcb4iS5pYxuTSsBjY5; i-PKgmTs8oN8k9vBBV2361YW; i-Y3KDvt8APMXFLxTKEtZKku	https://github.com/swerik-project/riksdagen-motions/blob/main/data/1934/mot-1934--ak--00588.xml
data/1927/mot-1927--ak--00331.xml	1927	4	10	0.4	0.6	6	0	1	7	i-6kUUa46exahjtEtVcbrJBo; i-LToMcVXu3j48yboSLK1sPQ; i-PViGBm6bvNM72xgLPe6DPy; i-ViqdoaJZjEkNmETR2XoKpB	i-6kUUa46exahjtEtVcbrJBo (Ivar Englund); i-LToMcVXu3j48yboSLK1sPQ (Abel Andersson); i-PViGBm6bvNM72xgLPe6DPy (Herman Norling); i-ViqdoaJZjEkNmETR2XoKpB (Nils Olsson)	i-2tbdBcby74PFaeUyCBPwWD; i-3139LqaoEDPArxpLRyxXT8; i-7xGMmknMbuzFdtRe58BrWc; i-B5Mnjpt8rqBfGh6JQ4dcyz; i-GBSUdoSRv56vrATyT3J3Pv; i-VAMU813hn5oo8CeeRvxacA	https://github.com/swerik-project/riksdagen-motions/blob/main/data/1927/mot-1927--ak--00331.xml
data/1927/mot-1927--ak--00406.xml	1927	2	5	0.4	0.6	3	0	1	4	i-K9n68dBnLCt3xWtXN75tzY; i-SXv5Tc5coUXhzaHBJfs33a	i-K9n68dBnLCt3xWtXN75tzY (Carl Arvid Anderson); i-SXv5Tc5coUXhzaHBJfs33a (Birger Petersson)	i-5EHoQFHRYQbiPPy5422WPT; i-BKaeof17U4zVqCVaBSDwyd; i-Xv6Qpv2AXpXRsohVu3AX1F	https://github.com/swerik-project/riksdagen-motions/blob/main/data/1927/mot-1927--ak--00406.xml
data/1935/mot-1935--ak--00015.xml	1935	2	5	0.4	0.6	3	0	2	5	i-PxJkAua7y2xMDdFhtkakAi; i-X1novJneX2zJzkpbiYviPH	i-PxJkAua7y2xMDdFhtkakAi (Wiktor Mårtensson); i-X1novJneX2zJzkpbiYviPH (Johan Persson)	i-3sSCP4SpHEXgVm8b7P6qGE; i-KYXivvcBdXYFvocfPhZ1MH; i-WQa6YQwTfqeJST3Wo8Nm68	https://github.com/swerik-project/riksdagen-motions/blob/main/data/1935/mot-1935--ak--00015.xml
data/1925/mot-1925--fk--00126.xml	1925	6	17	0.35294117647058826	0.6470588235294118	11	0	7	18	i-2XreRSaEpTa5DhpG61Xopj; i-Cu3kjdTBuGU9w2XTM1QAdW; i-H4iwFuXf6Rh11ruEkNpUDy; i-PCzyK8veSHLeYJrKiYmXGZ; i-ULyugLSiyH9RV7AFPTo8oN; i-XCDrG8sm2g5BfsBE2XuVXB	i-2XreRSaEpTa5DhpG61Xopj (Martin Svensson); i-Cu3kjdTBuGU9w2XTM1QAdW (Anton Nilsson); i-H4iwFuXf6Rh11ruEkNpUDy (Johan Bernhard Johansson); i-PCzyK8veSHLeYJrKiYmXGZ (Elof Andersson); i-ULyugLSiyH9RV7AFPTo8oN (Karl Johan Alfred Gustafsson); i-XCDrG8sm2g5BfsBE2XuVXB (Jonas Andersson)	i-25WANiY9YMaqEdj4ufyeqi; i-2cnJx4mhacW8chNFTQpsG2; i-6Rg3HSzDo6rvNWnRifCRk6; i-AUmBd8T8oEP8tVpZMy3qz4; i-B9krH8HXZPSWGdDWnrPma5; i-CpgswtAFXDTAyYjTrFkW5J; i-EWszvfJHbPLCQKeFqNXv1s; i-MsNFFSyPnWMiCgQjNLn72Y; i-Pes4yEx5YPmLWhR5Z3pQZS; i-WwQFNFc4kYw5wzXB1NDk6o; i-XAKq4ST8iCMkLqQMzWjDpp	https://github.com/swerik-project/riksdagen-motions/blob/main/data/1925/mot-1925--fk--00126.xml
data/1944/mot-1944--ak--00160.xml	1944	5	15	0.3333333333333333	0.6666666666666666	10	1	1	12	i-31zN39xumu2faEuBMxwB3B; i-5jwrBzpJ3kKsBsRMvCWs2N; i-5osNtGH86UU6wEyus1VLp2; i-AWLNBm49upAvWc2G2jYeiD; i-WFsuJWdVKk2ypGbGB5owQJ	i-31zN39xumu2faEuBMxwB3B (Signe Linderoth-Andersson); i-5jwrBzpJ3kKsBsRMvCWs2N (Kerstin Hesselgren); i-5osNtGH86UU6wEyus1VLp2 (Nils Larsson); i-AWLNBm49upAvWc2G2jYeiD (Ebon Andersson); i-WFsuJWdVKk2ypGbGB5owQJ (Blenda Björck)	i-7x3nPBLpeHFQLKxv7KF7Sf; i-DfcqLG9Ux1Nu6mMoqrKYpQ; i-Dzc5xrZoX6PeTCJ7wgLJxy; i-N5YkLzCrZQG9BDuRnb7biZ; i-QBpQJ8nzJadauYpnxWcBWH; i-Rv9aHnFJh2azV9pZTjG2yC; i-S9dMiL9yRpDaYPfVGjK1Gp; i-SarBm3kgakASnaHyEe9Rba; i-VRK4jvXteD5oQpqXgdmTs6; i-Vphq1Qi611uoHeM3fp2TeA; i-XvpBFhfR9SDB1i9KLCmqX2	https://github.com/swerik-project/riksdagen-motions/blob/main/data/1944/mot-1944--ak--00160.xml
data/1888/mot-1888--ak--00142.xml	1888	2	6	0.3333333333333333	0.6666666666666666	4	0	2	6	i-Ru4m7PwPngedWP65bhXJgu; i-Sy81b3ig3xaNxXhrHU6mdJ	i-Ru4m7PwPngedWP65bhXJgu (Johan Andersson); i-Sy81b3ig3xaNxXhrHU6mdJ (Johan Lundström)	i-2gFz918CyUZkTuGwyS9VJt; i-4Ccm565qW4Wb9cJczxcvaC; i-JJfxL8iy6S3cbrc3sTmdRE; i-VuLqMbgdBDWY874zTU3wuB	https://github.com/swerik-project/riksdagen-motions/blob/main/data/1888/mot-1888--ak--00142.xml
data/1940/mot-1940-urtima-fk--00030.xml	1940	2	6	0.3333333333333333	0.6666666666666666	4	0	0	4	i-HrZsKAqAFtubE4g6dXmo5N; i-M1KRgYXpjzhZucy2MDj1V3	i-HrZsKAqAFtubE4g6dXmo5N (Arvid De Geer); i-M1KRgYXpjzhZucy2MDj1V3 (Per Andersson)	i-9T9bti79sN5bBcZ1cgwb6q; i-HCwEBLHjvaPyUHpWDFDcMz; i-SHyoXz8eVs5NhxbFZxmFre; i-UhLRgE1tWfgSFkzw3urKGo	https://github.com/swerik-project/riksdagen-motions/blob/main/data/1940/mot-1940-urtima-fk--00030.xml
data/1919/mot-1919--ak--00024.xml	1919	1	3	0.3333333333333333	0.6666666666666666	2	0	1	3	i-C1dumaUjqTgW3QkeLTYGVm	i-C1dumaUjqTgW3QkeLTYGVm (Gustaf Olsson)	i-2TbJKggFihcEZWLdGpj6Qa; i-PXVtfQzPwWBTqU2ztfXAEr	https://github.com/swerik-project/riksdagen-motions/blob/main/data/1919/mot-1919--ak--00024.xml
data/1950/mot-1950-höst-ak--00633.xml	1950	1	3	0.3333333333333333	0.6666666666666666	2	4	6	13	i-AUCKptBWsFh38KS56FBcnz	i-AUCKptBWsFh38KS56FBcnz (Edvin Bäckström)	i-2HyRdnwNjJfPPeCiQ2cg17; i-7QhuQTC8jPCEX5sKzLmV8S; i-BqDGKscaLhUZHhaFFmx5pf; i-Mw31BTf7uoxHTWx5X3k5QD; i-X1b1iB5iFVzYX4NBDGX742; i-riJfB4CgvG9jt4652TdCv	https://github.com/swerik-project/riksdagen-motions/blob/main/data/1950/mot-1950-höst-ak--00633.xml
data/1967/mot-1967--ak--00704.xml	1967	1	3	0.3333333333333333	0.6666666666666666	2	10	3	16	i-ATcwa3wSYttW59H6uu1PFg	i-ATcwa3wSYttW59H6uu1PFg (Olle Westberg)	i-3R2qbKpVQbNv7BvXe7jvcr; i-3R5C8vQo1FXLQaqX7yYqq8; i-4Fpaw3XcFb6Gne8E62mhr1; i-Af27F1xYCu7PKfDmUgU7Xb; i-BTQHo9TKPt4psovBo1HK4X; i-BjNiod8wotUabh41ByfhRU; i-CrKFd8YrUoQVBgUYnwpDY7; i-FoZGPWdjE7CaiMyuRthV17; i-Hg2Wz95RvQx3yUWLWY7d8f; i-LQKP5CDY62YpFZWUbs7QiW; i-QJQMD7isQ7v6yQvCE9CMfC; i-YTMf7Ds7TsUv3tGpFLxE7N	https://github.com/swerik-project/riksdagen-motions/blob/main/data/1967/mot-1967--ak--00704.xml
data/1971/mot-1971--01121.xml	1971	1	3	0.3333333333333333	0.6666666666666666	2	0	1	3	i-7CXHDen9y2qKcYDisT3zjQ	i-7CXHDen9y2qKcYDisT3zjQ (John Eriksson)	i-4ArLZazBX4fxunitZvs7oe; i-S9emfaxXsmAywnkewYKSJ7	https://github.com/swerik-project/riksdagen-motions/blob/main/data/1971/mot-1971--01121.xml
data/198384/mot-198384--00505.xml	198384	1	3	0.3333333333333333	0.6666666666666666	2	0	1	3	i-HF1be62hHhvaXoZiyUz2HF	i-HF1be62hHhvaXoZiyUz2HF (John Andersson)	i-FTkwAMo13hmDoeXLXEV1N; i-QRDnfz9zaiXo7A1SpAi1dM	https://github.com/swerik-project/riksdagen-motions/blob/main/data/198384/mot-198384--00505.xml
data/1935/mot-1935--ak--00368.xml	1935	8	26	0.3076923076923077	0.6923076923076923	18	1	13	32	i-1xpn4vGAnPTUV3FuyR27z; i-49Rvc53FLRxQqqUSrx5ovT; i-4SirJAx3wfDW3MXsNZZfGj; i-DyZDeJHPADf8949NFr7LUq; i-GhQReVwv9ZB6vkKJp4vXH2; i-KjXCxQFmtvPac62A2kckSm; i-V2gYZ8XERX96ZTpdHjKDHk; i-Xqo83uEfAGu6C7HdvFMFwx	i-1xpn4vGAnPTUV3FuyR27z (Anders Johan Johansson); i-49Rvc53FLRxQqqUSrx5ovT (Per Persson); i-4SirJAx3wfDW3MXsNZZfGj (Karl Artur Ryberg); i-DyZDeJHPADf8949NFr7LUq (Johan Johanson); i-GhQReVwv9ZB6vkKJp4vXH2 (Einar Jonsson); i-KjXCxQFmtvPac62A2kckSm (Carl Gustaf Närlinge); i-V2gYZ8XERX96ZTpdHjKDHk (Anders Pettersson); i-Xqo83uEfAGu6C7HdvFMFwx (Axel Rubbestad)	i-6BUT7qfDzNjtQ6zrctx2rm; i-9jbeXPGrQfxx5oSytp9bfF; i-A8WYbyYxrhjfUex6Z8WMVq; i-AJXktptSRuni1fw754JqsT; i-AWnCXGKxBPDN7gJVRfodvt; i-EKaDexh9v9nEiz9rz9MXY2; i-HiVV5oHUvJvLx8V2dQFLFu; i-HrZsKAqAFtubE4g6dXmo5N; i-JrEd2KBBm96vKhxHDyPGym; i-KwHwxj5zEpDUoZ2yNLrmX8; i-LGFpRQHZwRPA2XMLm3gyL3; i-LJhRkyGqGFgicSSzZPbftJ; i-PKgmTs8oN8k9vBBV2361YW; i-S8aCynzawb1F4NqNExnsVg; i-V7NiAeWY2Xibey7Z9PGYKr; i-WGZBix5L8xWxVCoJgUxzZP; i-WtGqPEB6HFcwThC62uUkYN; i-Ww8VV8hxCYiEXY5qDTZs5Z; i-rxMPrABKBDwfiUwJZxNv7	https://github.com/swerik-project/riksdagen-motions/blob/main/data/1935/mot-1935--ak--00368.xml
data/1936/mot-1936--ak--00594.xml	1936	2	8	0.25	0.75	6	1	1	8	i-CYXB5gc8UwhvnW3jqhdnoq; i-P9uAUSLTPeppBWCVZui5CW	i-CYXB5gc8UwhvnW3jqhdnoq (Sven Gunnar Persson); i-P9uAUSLTPeppBWCVZui5CW (Karl Magnusson)	i-8e97Z8CH9cGtDJXCnfJMMg; i-Bwox3EjKfvDRkzWdd46vzA; i-CMoRRNd5mmMNzLy51CkWv4; i-RZvCDDC9zwyuV3rH48onze; i-SfDZtdC5fgukcXJsiu8J9U; i-TgGh4sLEipttrpG4XAgn6h; i-V7ccB7n8KQvCDssB4XYWTN	https://github.com/swerik-project/riksdagen-motions/blob/main/data/1936/mot-1936--ak--00594.xml
data/1913/mot-1913--ak--00334.xml	1913	1	4	0.25	0.75	3	1	1	5	i-JNeKaAfNo39ynSv8f8tbdu	i-JNeKaAfNo39ynSv8f8tbdu (Ola Hansson Waldén)	i-F9ewtPwkU2RmcUUoQ6XRXa; i-KpeDiXpqmHppgJ6ygKRBep; i-Lh9kYcGDBLjeWYgViArsTT; i-SBCzBgSFjEvWwT8Uzo139W	https://github.com/swerik-project/riksdagen-motions/blob/main/data/1913/mot-1913--ak--00334.xml
data/1962/mot-1962--fk--00070.xml	1962	1	4	0.25	0.75	3	1	0	4	i-M4wHZVugBn9h9Kg9ELiKnA	i-M4wHZVugBn9h9Kg9ELiKnA (Eric Carlsson)	i-Apri7FgXXxnC71KLoUptE9; i-DjzMK2q4HBp8SxyHxFkXFq; i-DuMmQVGSnykDcj8ZwohCuA; i-XnQDSX294nH3szRa45nm6F	https://github.com/swerik-project/riksdagen-motions/blob/main/data/1962/mot-1962--fk--00070.xml
data/197879/mot-197879--01098.xml	197879	1	4	0.25	0.75	3	0	1	4	i-NnpKv1jQ35nEzhxytcGTFh	i-NnpKv1jQ35nEzhxytcGTFh (Esse Petersson)	i-5YySnUaCpS54wJxVp1X9Q4; i-95F4sSt2W2tyXAwECzMBoc; i-F1RwJxotHWwBitEw9rLdhZ	https://github.com/swerik-project/riksdagen-motions/blob/main/data/197879/mot-197879--01098.xml
data/199091/mot-199091-TU-00547.xml	199091	1	4	0.25	0.75	3	0	2	5	i-P8q9oyKjWzPdBEfQeD8Vwa	i-P8q9oyKjWzPdBEfQeD8Vwa (Viola Claesson)	i-A9wTTx74ViuquWXmgF5vjj; i-Cj9FYr3Q5sLFjM9zvEVNNE; i-PTwgnmFQaFTXvr8SByLQzu	https://github.com/swerik-project/riksdagen-motions/blob/main/data/199091/mot-199091-TU-00547.xml
data/199192/mot-199192-TU-00310.xml	199192	1	4	0.25	0.75	3	0	1	4	i-AQXTwzTQEJiySickVRFT1U	i-AQXTwzTQEJiySickVRFT1U (Marianne Jönsson)	i-2ggBvfkHRn3s8FvFEPLxjs; i-9GkZmWA6j3AXTPSkudVbZ; i-SJZr3KVaqohjfckH9Qag36	https://github.com/swerik-project/riksdagen-motions/blob/main/data/199192/mot-199192-TU-00310.xml
data/200203/mot-200203-MJU-00445.xml	200203	1	4	0.25	0.75	3	0	1	4	i-YReAj4T8PWK3QbxXgEneMx	i-YReAj4T8PWK3QbxXgEneMx (Helena Frisk)	i-2mNEN1Zszf1P35pk3WZQhH; i-FWGPPxcLZRFDrb58TQhLuJ; i-PMx51X9QbaLUMtQNq6sVfz	https://github.com/swerik-project/riksdagen-motions/blob/main/data/200203/mot-200203-MJU-00445.xml
data/201314/mot-201314-NU-00299.xml	201314	1	4	0.25	0.75	3	0	1	4	i-4d51CJWhx39kVpCvcwxZq8	i-4d51CJWhx39kVpCvcwxZq8 (Roza Güclü Hedin)	i-KTYc2rBrcxPNyJRR5s4dQD; i-RZNwwHohbyBgLVVG4Dy1Bj; i-TVwo4mCECu692GW3ntqQzo	https://github.com/swerik-project/riksdagen-motions/blob/main/data/201314/mot-201314-NU-00299.xml
data/1945/mot-1945--ak--00243.xml	1945	2	9	0.2222222222222222	0.7777777777777778	7	0	2	9	i-76SNFscuEcje1Vek94C3va; i-De6ztVBeHosJZpNFbNMrgb	i-76SNFscuEcje1Vek94C3va (Ebon Andersson); i-De6ztVBeHosJZpNFbNMrgb (Ivar Jansson)	i-ABFN9YRCJxWR5CQLV4KEKc; i-Akzn9z23GnAQdeU8SSqyQ4; i-EcTyixp6xZjny5gSkGGShK; i-QBpQJ8nzJadauYpnxWcBWH; i-Rv9aHnFJh2azV9pZTjG2yC; i-VRK4jvXteD5oQpqXgdmTs6; i-Vphq1Qi611uoHeM3fp2TeA	https://github.com/swerik-project/riksdagen-motions/blob/main/data/1945/mot-1945--ak--00243.xml
data/1970/mot-1970--ak--00551.xml	1970	1	5	0.2	0.8	4	7	2	13	i-PrsCQ5b3apVhb1mY1YWbbp	i-PrsCQ5b3apVhb1mY1YWbbp (Sven Olsson)	i-3ChvFB2zr9iHy1ZRMn1Ban; i-6PeNM1B9NsCjyScL117vps; i-8aNTXCV4f9MdU7Dz15ZXyB; i-Asq7NRpmkGRyqdnCrfGpjH; i-BtszRKWKgFfiTcr2r2Ek6j; i-Fs9KpZYHZp1uu9ioJZkH5D; i-HBefMTHdym5gJ3a1vqK6pr; i-QUqUmVazVZYgkmCXgYjZgs; i-QXiGidLhFr3yVPmDxRSa4h; i-UgwyXZW5Y9UVnaeQC5yZU8; i-YbgaAY79FADF32ty9BkkW	https://github.com/swerik-project/riksdagen-motions/blob/main/data/1970/mot-1970--ak--00551.xml
data/198384/mot-198384--00669.xml	198384	1	5	0.2	0.8	4	0	1	5	i-F8Q1QN8EmRLzQz9iUe6zgL	i-F8Q1QN8EmRLzQz9iUe6zgL (Anders Nilsson)	i-Dqwk6WRPNzjzwmqmA18xc1; i-EpDNYovHuTxUaBfQe7k5xH; i-NgcEAjjDpm3FVNBxiWvS8X; i-YbgaAY79FADF32ty9BkkW	https://github.com/swerik-project/riksdagen-motions/blob/main/data/198384/mot-198384--00669.xml
data/198687/mot-198687-NU-00144.xml	198687	1	5	0.2	0.8	4	0	1	5	i-WhyY4N88ajLQNt1Z2Z3z44	i-WhyY4N88ajLQNt1Z2Z3z44 (Magnus Persson)	i-9osx7gdXCsvHnf1J7JQnnY; i-EnY75k4BnjsRjmfLfQWBqT; i-VXkZessNxc9eyPfvwLgWcK; i-YRTvhFgkzgwVT9mYHw8btB	https://github.com/swerik-project/riksdagen-motions/blob/main/data/198687/mot-198687-NU-00144.xml
data/201718/mot-201718-UU-02681.xml	201718	2	11	0.18181818181818182	0.8181818181818182	9	0	2	11	i-4d51CJWhx39kVpCvcwxZq8; i-B34sv9ytsiioT1XaQtyXUo	i-4d51CJWhx39kVpCvcwxZq8 (Roza Güclü Hedin); i-B34sv9ytsiioT1XaQtyXUo (Helén Pettersson)	i-5NG8haprnyzzwKpK9HjwGZ; i-9bqWLXmB7Cb3r3JUmkkLBy; i-EgqHRHVoW5y9USDYuNoYuA; i-GLpGALNASBTHSmgDcbTu4m; i-HA8qZKZU3je8nF69VtPrqk; i-TifWqzmRuorK3zFDqAUZk8; i-V94NXHxQRsQu6mMDHyZAxs; i-X74MvWzSQtfREMzLLMbjc7; i-YG3se2hZeuEdiGKSwKyaKF	https://github.com/swerik-project/riksdagen-motions/blob/main/data/201718/mot-201718-UU-02681.xml
data/1926/mot-1926--ak--00059.xml	1926	1	6	0.16666666666666666	0.8333333333333334	5	0	2	7	i-UPDaxumzyj6fDnRGwFj5nF	i-UPDaxumzyj6fDnRGwFj5nF (Gustaf Gustafsson)	i-8e97Z8CH9cGtDJXCnfJMMg; i-A2SKxkXq7pZ5UV2ssX3g5g; i-Rv5YgY2YsB2yQzev4MBRmS; i-SHtWSkMn1ftL5KCEMdPSaR; i-SfDZtdC5fgukcXJsiu8J9U	https://github.com/swerik-project/riksdagen-motions/blob/main/data/1926/mot-1926--ak--00059.xml
data/197778/mot-197778--01680.xml	197778	1	6	0.16666666666666666	0.8333333333333334	5	0	1	6	i-SQtu6e17zrLCR9EnUwqy7A	i-SQtu6e17zrLCR9EnUwqy7A (Gunnar Johansson)	i-2vSoREUgDMM9du3oZhTyJR; i-FhdnsbdSgKWks7yKVAW7kg; i-Lb6TJhMAdirNrTer6HSGyJ; i-QQjz7bn6czWU6491kCicK9; i-V193Sbzem4fs1MBp32cuww	https://github.com/swerik-project/riksdagen-motions/blob/main/data/197778/mot-197778--01680.xml
data/198081/mot-198081--01563.xml	198081	2	14	0.14285714285714285	0.8571428571428571	12	0	2	14	i-4sZMUTZ58TFSSwfWoaTdDi; i-6V941ptYoLBrpqJyJPSEbT	i-4sZMUTZ58TFSSwfWoaTdDi (Lennart Pettersson); i-6V941ptYoLBrpqJyJPSEbT (Olle Westberg)	i-3kAjBmVsLrV8XDTkSBhmB8; i-4zgkigyuo3a2meU92gcyAk; i-6TjCaZscDfHaRCMjT3p2wD; i-7Uv5b4af4nUb3NuFk7J8yJ; i-9JsxBiraiBoy2MDeoaZACy; i-9P9pMwjrnX38LhidwctarW; i-AnrRW8P2FoZPwmfbQGBp8u; i-HGfALYBg5SLYb8z1er3XK1; i-PQWJzhaevKGbSNtPqoUeSA; i-TtvHecYGhXDKbncEMyzhpQ; i-Un2MPRTWRPWQ7aGPA42b56; i-VYTD8M9CfGigSH3YKEqEEz	https://github.com/swerik-project/riksdagen-motions/blob/main/data/198081/mot-198081--01563.xml
data/1925/mot-1925--ak--00146.xml	1925	1	7	0.14285714285714285	0.8571428571428571	6	0	1	7	i-XQDnBCoJiibzSPLTXopxxL	i-XQDnBCoJiibzSPLTXopxxL (Oscar Lövgren)	i-2idvkVsaizPjHffjy7Fqpg; i-3139LqaoEDPArxpLRyxXT8; i-5xbpwZHjLMEGP3pEF37iPy; i-8Sfdzfh16tWKAL6C7NCcA5; i-RZvCDDC9zwyuV3rH48onze; i-cZaAazYai1ZNWZmjcAmax	https://github.com/swerik-project/riksdagen-motions/blob/main/data/1925/mot-1925--ak--00146.xml
data/1929/mot-1929--ak--00198.xml	1929	1	7	0.14285714285714285	0.8571428571428571	6	0	1	7	i-LJLDuWgtRbmfUFfzKTJiuk	i-LJLDuWgtRbmfUFfzKTJiuk (Verner Karlsson)	i-6yP8mRdXMQY3seTQXufb5B; i-FXLEj98MEhXCxuiihroJSv; i-KBbXYtnknZx7i11LnE5ff8; i-S4jJECjfFmddUzRkooT6yP; i-Tym6Aw1gBuoRJqfGXa3Wdy; i-cZaAazYai1ZNWZmjcAmax	https://github.com/swerik-project/riksdagen-motions/blob/main/data/1929/mot-1929--ak--00198.xml
data/197980/mot-197980--01667.xml	197980	1	7	0.14285714285714285	0.8571428571428571	6	0	2	8	i-FpwNz9bjmeyh23RqtLzYMg	i-FpwNz9bjmeyh23RqtLzYMg (Per Petersson)	i-3fAnC8TbAVjy9BhJnxfPUh; i-B1QAmZ6hd8iYYbZ4y9ee12; i-BkQoi6KA1EKK9EEJhT16Cz; i-GLHYq1jMQHCT1zXejYWV8x; i-N7WL5aLLwEPfYa71gsUxQx; i-V193Sbzem4fs1MBp32cuww	https://github.com/swerik-project/riksdagen-motions/blob/main/data/197980/mot-197980--01667.xml
data/198485/mot-198485--01945.xml	198485	1	7	0.14285714285714285	0.8571428571428571	6	0	1	7	i-5q7m7rZyufN9RHaGjB6GHh	i-5q7m7rZyufN9RHaGjB6GHh (Björn Samuelson)	i-5wPAQ1MDLRTsW1XngYcD46; i-CMGiiZNVocLdbkuKqXgWTG; i-EQSJnvt3y9r5wULtNbkTNu; i-FiisfXYQcUpGymcboYQpoF; i-QRDnfz9zaiXo7A1SpAi1dM; i-RPvXiWoVbPvNZBh8bxVvbB	https://github.com/swerik-project/riksdagen-motions/blob/main/data/198485/mot-198485--01945.xml
data/201213/mot-201213-NU-00332.xml	201213	1	7	0.14285714285714285	0.8571428571428571	6	0	1	7	i-Atz7ai4RJKnyNCwfSAJEeC	i-Atz7ai4RJKnyNCwfSAJEeC (Jonas Eriksson)	i-2EZPhWWR7yHztg3zN2aNvh; i-FeVXF7pVocmUfQoPXGuJKR; i-LSGLGKPPdgKqe7pxwHn9sf; i-VRHymVx7EsX48sg7b5qmpS; i-WG11xmCpAW9nyyXv1sJFAK; i-XSuWURvcJRjSbVSYUBBuD2	https://github.com/swerik-project/riksdagen-motions/blob/main/data/201213/mot-201213-NU-00332.xml
data/1973/mot-1973--00268.xml	1973	1	8	0.125	0.875	7	1	1	9	i-6V941ptYoLBrpqJyJPSEbT	i-6V941ptYoLBrpqJyJPSEbT (Olle Westberg)	i-FPpfM5ZVv1R5M45zNkpLUZ; i-HkRfm34QRnYJtBXctyaMk; i-MJi2EpNpLStR2Rke7Db78j; i-NnnjpbjTFUH5mHJLVXoKZ1; i-QoeFZWNQgLDU6t6B6RuPtd; i-TLnEcKgBYha1pdFTVEbAvk; i-TkQYUfaqKqtshh9bgzavdb; i-UcWQ1kahuDDDAVPWeSNvC7	https://github.com/swerik-project/riksdagen-motions/blob/main/data/1973/mot-1973--00268.xml
data/201213/mot-201213-AU-00386.xml	201213	1	9	0.1111111111111111	0.8888888888888888	8	0	1	9	i-Atz7ai4RJKnyNCwfSAJEeC	i-Atz7ai4RJKnyNCwfSAJEeC (Jonas Eriksson)	i-2GE534P2Foy3WpqKPVNeW8; i-7YbH6oTUwG4Qn94QEVE6as; i-9x2nw6aosA3pyEJfJTc1eD; i-C2s3YhmmVmNkgvznmmnD4x; i-FfCiJc8kVZcwio9wsCvVkH; i-HsGsAzKWHQY5pjyAYNXAz7; i-Q6T8pKy9pERdSQEuTcARyR; i-SNtv8jZRB19Jr8oegj1mGK	https://github.com/swerik-project/riksdagen-motions/blob/main/data/201213/mot-201213-AU-00386.xml
data/197879/mot-197879--00184.xml	197879	1	10	0.1	0.9	9	0	1	10	i-5WchbRYCVdXodSthFK381D	i-5WchbRYCVdXodSthFK381D (Gunnar Biörck)	i-3fAnC8TbAVjy9BhJnxfPUh; i-91SAXsUbmLaUj8YfQKHZ1n; i-BkQoi6KA1EKK9EEJhT16Cz; i-DYxXbC2LXzL11J2rHdExZh; i-EaiobhkKSCFjVoGi3uyvzx; i-F6Qp4bx3aMVLN2vuCyMK7D; i-GLHYq1jMQHCT1zXejYWV8x; i-RxkptNoJYi3BWpTneSNTUn; i-XHKe7WYPsP3rxDit2742Tq	https://github.com/swerik-project/riksdagen-motions/blob/main/data/197879/mot-197879--00184.xml
