motion,SWERIK_ID_MPs_signee
https://github.com/swerik-project/riksdagen-motions/blob/main/data/1867/mot-1867--ak--00233.xml,i-4ACwbbRqtvjW5TygyEQort
https://github.com/swerik-project/riksdagen-motions/blob/main/data/1867/mot-1867--ak--00267.xml,i-S9pkMWTec6tTT7sDMuDncn
https://github.com/swerik-project/riksdagen-motions/blob/main/data/1867/mot-1867--fk--00023.xml,i-QnzZpk49d9g2M6XVsGFeZi
https://github.com/swerik-project/riksdagen-motions/blob/main/data/1868/mot-1868--ak--00188.xml,i-QMTFCSUSN2Q2UCGk1ku63M
https://github.com/swerik-project/riksdagen-motions/blob/main/data/1868/mot-1868--fk--00014.xml,i-9fnjME1eW8K8kyikqsAoDW
https://github.com/swerik-project/riksdagen-motions/blob/main/data/1868/mot-1868--fk--00073.xml,i-E7aB8B6ZVrFekyhd9pNoQt
https://github.com/swerik-project/riksdagen-motions/blob/main/data/1869/mot-1869--ak--00131.xml,i-9mpjL7WndAk2vS1p76SEft
https://github.com/swerik-project/riksdagen-motions/blob/main/data/1869/mot-1869--ak--00197.xml,i-EEpr1Cx3sBrwmNG6AU1JMZ
https://github.com/swerik-project/riksdagen-motions/blob/main/data/1869/mot-1869--fk--00014.xml,i-FBVyR2c9ZXHBjh2ETNQb8U
https://github.com/swerik-project/riksdagen-motions/blob/main/data/1870/mot-1870--ak--00144.xml,i-9mpjL7WndAk2vS1p76SEft
https://github.com/swerik-project/riksdagen-motions/blob/main/data/1870/mot-1870--ak--00215.xml,i-QPqdt6oyauaJTMvLrNY52z; i-LV4qwHZuebFeCkPRrYTymH
https://github.com/swerik-project/riksdagen-motions/blob/main/data/1870/mot-1870--fk--00049.xml,i-MkpKqs9yn98uRBF1pm57dP
https://github.com/swerik-project/riksdagen-motions/blob/main/data/1871/mot-1871--ak--00125.xml,i-WPYsj5FcCBkGfYE9xtHntv; i-CyRoxEq2KbDs42MtkNnNiv; i-PpXkS4cgF1EgE9P8Av12WY
https://github.com/swerik-project/riksdagen-motions/blob/main/data/1871/mot-1871--ak--00163.xml,i-7uuUnyJ3bq5XG4rgJmW78G
https://github.com/swerik-project/riksdagen-motions/blob/main/data/1871/mot-1871--ak--00166.xml,i-UAK3AB1CjWSo8XH9S5ZhDk
https://github.com/swerik-project/riksdagen-motions/blob/main/data/1872/mot-1872--ak--00009.xml,i-BqxiGcrvRSyw7vSVD9ghzT
https://github.com/swerik-project/riksdagen-motions/blob/main/data/1872/mot-1872--ak--00198.xml,i-GPg5vqkZaJNKMwueErhxNf
https://github.com/swerik-project/riksdagen-motions/blob/main/data/1872/mot-1872--ak--00208.xml,i-37qgHWj8Zd858MSWDhN8Zo
https://github.com/swerik-project/riksdagen-motions/blob/main/data/1873/mot-1873--ak--00010.xml,i-M8iT3fNaEahQCDyU7KD4Xo
https://github.com/swerik-project/riksdagen-motions/blob/main/data/1873/mot-1873--ak--00039.xml,i-E9wRrmWzHKZve8zXnpQf1w
https://github.com/swerik-project/riksdagen-motions/blob/main/data/1873/mot-1873--fk--00039.xml,i-E7aB8B6ZVrFekyhd9pNoQt
https://github.com/swerik-project/riksdagen-motions/blob/main/data/1874/mot-1874--ak--00016.xml,i-CWFbCpTNYcEzzAhNPvdKj9; i-Vob6hqQX7xJmVsZEt2LqUi; i-5GqnTURvMSP3hjBB327kuL; i-W25G9CwkvEKmT8UAjmJw3U
https://github.com/swerik-project/riksdagen-motions/blob/main/data/1874/mot-1874--ak--00065.xml,i-FxdNXf7jNvFd3tSPCRfsJN
https://github.com/swerik-project/riksdagen-motions/blob/main/data/1874/mot-1874--ak--00171.xml,i-2jDQuhvFoLEMg5TXt8wPgR
https://github.com/swerik-project/riksdagen-motions/blob/main/data/1875/mot-1875--ak--00067.xml,i-LuFYHhoNXD6PSHzC7CsSDs
https://github.com/swerik-project/riksdagen-motions/blob/main/data/1875/mot-1875--fk--00009.xml,i-AFafkqp43qaf9gEGTZMMhQ
https://github.com/swerik-project/riksdagen-motions/blob/main/data/1875/mot-1875--fk--00044.xml,i-MUyEorK3Jrs76puMnBfwJQ
https://github.com/swerik-project/riksdagen-motions/blob/main/data/1876/mot-1876--ak--00120.xml,i-3ePoSaapEuMxyrxRtcXnE2
https://github.com/swerik-project/riksdagen-motions/blob/main/data/1876/mot-1876--fk--00014.xml,i-WmTdAfV5HETvBJeXjPDkNq
https://github.com/swerik-project/riksdagen-motions/blob/main/data/1876/mot-1876--fk--00019.xml,i-FBVyR2c9ZXHBjh2ETNQb8U
https://github.com/swerik-project/riksdagen-motions/blob/main/data/1877/mot-1877--ak--00046.xml,i-FxdNXf7jNvFd3tSPCRfsJN
https://github.com/swerik-project/riksdagen-motions/blob/main/data/1877/mot-1877--ak--00065.xml,i-266bJc5RtSGNFxNkBXfTw6
https://github.com/swerik-project/riksdagen-motions/blob/main/data/1877/mot-1877--ak--00094.xml,i-25EEgWidbVVQMzbXZMgAXZ
https://github.com/swerik-project/riksdagen-motions/blob/main/data/1878/mot-1878--ak--00074.xml,i-3ePoSaapEuMxyrxRtcXnE2
https://github.com/swerik-project/riksdagen-motions/blob/main/data/1878/mot-1878--fk--00003.xml,i-VQhNrVCrzk1PveUhY2rpJZ
https://github.com/swerik-project/riksdagen-motions/blob/main/data/1878/mot-1878--fk--00037.xml,i-E7aB8B6ZVrFekyhd9pNoQt
https://github.com/swerik-project/riksdagen-motions/blob/main/data/1879/mot-1879--ak--00018.xml,i-JSEJ4s9Z7CEa5xpm114bT2; i-69ZLoSBPdFgrd1wNkm56PY; i-89izzNXPgBWj2WAHiaRLG5; i-TFZQYjpx1wcSHA6fwttW17; i-6XRq5NMShPXgkNELyP1nWR; i-SpE4p6y5t2Rpicx6uK8qTp; i-B1TD61aoCX1X8inXyshE45; i-JybGN9aHM3q5M4kgRwLipb; i-T4PCemjgWrppB1oqqmKKFp; i-9kQEhG7b4RhJm3feAQj7DQ; i-R97w3nuXuTMZKkdjArixv8; i-RdYE6KVYFYvYSD6eDEHsCg; i-266bJc5RtSGNFxNkBXfTw6; i-S1hDhfBXq9vXtBfgz4QX6Z
https://github.com/swerik-project/riksdagen-motions/blob/main/data/1879/mot-1879--ak--00061.xml,i-DE86LDEC7dgsNMqreAPcdK
https://github.com/swerik-project/riksdagen-motions/blob/main/data/1879/mot-1879--ak--00080.xml,i-ALf1dLQQ1zU42JvCjYwPAf
https://github.com/swerik-project/riksdagen-motions/blob/main/data/1880/mot-1880--ak--00008.xml,i-DWoRJk5rw6WHBeByBxHKMY
https://github.com/swerik-project/riksdagen-motions/blob/main/data/1880/mot-1880--ak--00021.xml,i-Eh28M5AZY2tWhNydPzRYf3
https://github.com/swerik-project/riksdagen-motions/blob/main/data/1880/mot-1880--ak--00103.xml,i-EN2Ltfa3VFVFqNbPXeanv
https://github.com/swerik-project/riksdagen-motions/blob/main/data/1881/mot-1881--ak--00008.xml,i-4Cx4dJwPinjKGZyEZjBPZM
https://github.com/swerik-project/riksdagen-motions/blob/main/data/1881/mot-1881--ak--00155.xml,i-F25NVHcBHh8Wvt6w7kLUBA
https://github.com/swerik-project/riksdagen-motions/blob/main/data/1881/mot-1881--ak--00162.xml,i-FErqYyg4ctnxLzmQuzsAZ5
https://github.com/swerik-project/riksdagen-motions/blob/main/data/1882/mot-1882--ak--00012.xml,i-9faG75S9uS5dwmJ9GTvda1
https://github.com/swerik-project/riksdagen-motions/blob/main/data/1882/mot-1882--ak--00093.xml,i-8g3J5JC2XCnPcVSbLrtfED
https://github.com/swerik-project/riksdagen-motions/blob/main/data/1882/mot-1882--fk--00022.xml,i-NjP1xjERFHKgSe8SCzjx72
https://github.com/swerik-project/riksdagen-motions/blob/main/data/1883/mot-1883--ak--00006.xml,i-YFzzFKh2NjM54cFjad2qWQ
https://github.com/swerik-project/riksdagen-motions/blob/main/data/1883/mot-1883--ak--00031.xml,i-StedJdxnLqw4NbNmZQ7ibE
https://github.com/swerik-project/riksdagen-motions/blob/main/data/1883/mot-1883--ak--00044.xml,i-QNVcQXgDqnpMz9845nhFr1
https://github.com/swerik-project/riksdagen-motions/blob/main/data/1884/mot-1884--ak--00015.xml,i-7b4dYVJhQNDZvhFY8Qawzv
https://github.com/swerik-project/riksdagen-motions/blob/main/data/1884/mot-1884--ak--00067.xml,i-37qgHWj8Zd858MSWDhN8Zo; i-7DD9UiYqJkTfq9tkRcCA2k
https://github.com/swerik-project/riksdagen-motions/blob/main/data/1884/mot-1884--fk--00038.xml,i-8cB9HzwUC3zBvWCxe32vRE
https://github.com/swerik-project/riksdagen-motions/blob/main/data/1885/mot-1885--ak--00030.xml,i-LUnWpAjcsRaRqb78mxeJ15
https://github.com/swerik-project/riksdagen-motions/blob/main/data/1885/mot-1885--ak--00142.xml,i-DbdvN45VmHEK9gFMtoD6DC; i-B1TD61aoCX1X8inXyshE45
https://github.com/swerik-project/riksdagen-motions/blob/main/data/1885/mot-1885--fk--00053.xml,i-NFdqatonfRsGCESVshuU5V
https://github.com/swerik-project/riksdagen-motions/blob/main/data/1886/mot-1886--ak--00036.xml,i-3sN9DMuKUv4qbPVAGpgpoG; i-Lq454nVDYrDHNLUERQsYDn; i-TG7FNMEqNgriHtpUnpX6DL; i-L9x9NkF1idfQrSZjXw8xc1; i-Qdz4d8Ykv3zsRZVZxrcte1
https://github.com/swerik-project/riksdagen-motions/blob/main/data/1886/mot-1886--ak--00137.xml,i-K6LggWsK7BZ5j7BRK6tMfD
https://github.com/swerik-project/riksdagen-motions/blob/main/data/1886/mot-1886--fk--00007.xml,i-YKcHW4nbwE58e3oApp2AGd
https://github.com/swerik-project/riksdagen-motions/blob/main/data/1887/mot-1887-janmar-ak--00024.xml,i-9hGKtwhDVvJSEkq4CXz1ii
https://github.com/swerik-project/riksdagen-motions/blob/main/data/1887/mot-1887-janmar-ak--00131.xml,i-25EEgWidbVVQMzbXZMgAXZ
https://github.com/swerik-project/riksdagen-motions/blob/main/data/1887/mot-1887-majjul-ak--00026.xml,i-M3ZXFztHLDDpAd9W9omcqs
https://github.com/swerik-project/riksdagen-motions/blob/main/data/1888/mot-1888--ak--00024.xml,i-QfeDyZ27DQmH17bsjAZDYK
https://github.com/swerik-project/riksdagen-motions/blob/main/data/1888/mot-1888--ak--00142.xml,i-4Ccm565qW4Wb9cJczxcvaC; i-VuLqMbgdBDWY874zTU3wuB; i-JJfxL8iy6S3cbrc3sTmdRE; i-Sy81b3ig3xaNxXhrHU6mdJ; i-Ru4m7PwPngedWP65bhXJgu; i-2gFz918CyUZkTuGwyS9VJt
https://github.com/swerik-project/riksdagen-motions/blob/main/data/1888/mot-1888--ak--00157.xml,i-bAkDtRbC4qwseLUQ1m5S3
https://github.com/swerik-project/riksdagen-motions/blob/main/data/1889/mot-1889--ak--00029.xml,i-9wYeeuP3RWB6bA1svcTBE
https://github.com/swerik-project/riksdagen-motions/blob/main/data/1889/mot-1889--ak--00139.xml,i-XGV9WC6oL1KU2HeBs1bLQi
https://github.com/swerik-project/riksdagen-motions/blob/main/data/1889/mot-1889--fk--00050.xml,i-Y9YbqDh3YmC3zyXjWiT1re
https://github.com/swerik-project/riksdagen-motions/blob/main/data/1890/mot-1890--ak--00043.xml,i-2VZTfC47GBddiryCh2CpHE
https://github.com/swerik-project/riksdagen-motions/blob/main/data/1890/mot-1890--ak--00045.xml,i-BpjQbCyD87dfhoTPHChrGZ; i-8pbX6LRKzxvUdbXMazCxto; i-2QcpwTvuvuHLaCWaSG33nF; i-Ao65QGy15CSfY5Bs93ui2H
https://github.com/swerik-project/riksdagen-motions/blob/main/data/1890/mot-1890--ak--00214.xml,i-DtUBL4PhS8MGp9QnAiAJc7; i-Jux87Y67Kxg3c73zqd7Xud
https://github.com/swerik-project/riksdagen-motions/blob/main/data/1891/mot-1891--ak--00046.xml,i-CvE9G8tRKYnVxdnpwQtaEa; i-BqxiGcrvRSyw7vSVD9ghzT; i-M8iT3fNaEahQCDyU7KD4Xo; i-LZdMKNSEVGNKsWS2UasAi3; i-ERiVJNFmpgUdsS9YuT6kpg; i-B1SwupwM9QjXTLJUdzWAMP; i-M3ZXFztHLDDpAd9W9omcqs; i-Q9NZspFD2eAfFJcRFPWqM; i-DaGNzDugnyRMkYYfAo2AZy; i-6GAocgVxQ6jiDDMLZHLu3d; i-Xdy8t5sLfraMuoGMNLMKVs; i-CPfUdQUFStbLWNfMwcYqBw; i-831weVJUgdkHmNJ3qar1qk; i-9wuGFV27d4wT614qHyapco; i-Hyqvgdf3ZjCXhRaGtAsh5V; i-CyRoxEq2KbDs42MtkNnNiv; i-Xe7y1HUKo3cwvjoGKibVwZ; i-2VZTfC47GBddiryCh2CpHE; i-JSD38mWT7YyULoZeavmfbP; i-7DD9UiYqJkTfq9tkRcCA2k; i-Xb3C5Vr1Nuk3LEZVCSNSgM; i-Jux87Y67Kxg3c73zqd7Xud; i-PPQzQpjxJgK9T8oVftkuFD; i-CFgTG42GDu6i8infTbEfdz; i-TYTRLcvnTBCfR2iBbM2cHU; i-YazX28KdBe9qGR8fKzRszT; i-6nb5Nksypt5HiLFAGwZTw3; i-UoV3vX6cKBePnhvLmRZwB; i-ESAm1DKfv3KraeQ1CSiwmq; i-5Yh6HBknHoPtKFgLtpMaDp; i-2ASB6DoU1XW9sV8ZGbcxey; i-8pbX6LRKzxvUdbXMazCxto; i-Ao65QGy15CSfY5Bs93ui2H; i-N6Keb2NhChtqLkNGdsJVHC; i-StedJdxnLqw4NbNmZQ7ibE; i-LQv7xeJqieeAUann5fmxiL; i-CRg57QyeX8aiXhez3Dk7Ai
https://github.com/swerik-project/riksdagen-motions/blob/main/data/1891/mot-1891--ak--00184.xml,i-N6Keb2NhChtqLkNGdsJVHC
https://github.com/swerik-project/riksdagen-motions/blob/main/data/1891/mot-1891--ak--00186.xml,i-UoV3vX6cKBePnhvLmRZwB
https://github.com/swerik-project/riksdagen-motions/blob/main/data/1892/mot-1892--ak--00075.xml,i-RsWf3KiYWHHJuK6ijo9Gta
https://github.com/swerik-project/riksdagen-motions/blob/main/data/1892/mot-1892--ak--00091.xml,i-6GAocgVxQ6jiDDMLZHLu3d
https://github.com/swerik-project/riksdagen-motions/blob/main/data/1892/mot-1892-urtima-fk--00002.xml,i-PZo61ze3oe2bePYTHaDHM9
https://github.com/swerik-project/riksdagen-motions/blob/main/data/1893/mot-1893--ak--00096.xml,i-NG4dqakBciKkUVzvvpPCRD
https://github.com/swerik-project/riksdagen-motions/blob/main/data/1893/mot-1893--ak--00115.xml,i-9wYeeuP3RWB6bA1svcTBE
https://github.com/swerik-project/riksdagen-motions/blob/main/data/1893/mot-1893--ak--00126.xml,i-LzAkAb8hM4738RATfMA7Wt
https://github.com/swerik-project/riksdagen-motions/blob/main/data/1894/mot-1894--ak--00016.xml,i-LUnWpAjcsRaRqb78mxeJ15
https://github.com/swerik-project/riksdagen-motions/blob/main/data/1894/mot-1894--ak--00170.xml,i-KtG9MZoKix4XYo4sC4WsUP
https://github.com/swerik-project/riksdagen-motions/blob/main/data/1894/mot-1894--fk--00024.xml,i-4iBnzT9pgjryrkk1UYbDxL
https://github.com/swerik-project/riksdagen-motions/blob/main/data/1895/mot-1895--ak--00052.xml,i-LtZe8xTn1FKuPsNEDJNrJH
https://github.com/swerik-project/riksdagen-motions/blob/main/data/1895/mot-1895--ak--00112.xml,i-SEL9qX8ssVyxUpVEo1ZveN
https://github.com/swerik-project/riksdagen-motions/blob/main/data/1895/mot-1895--fk--00046.xml,i-Cx7GhXwo6MUkSvgCyM6F5m
https://github.com/swerik-project/riksdagen-motions/blob/main/data/1896/mot-1896--ak--00071.xml,i-3FSs4wVDP5BUGhdcBZEhUo
https://github.com/swerik-project/riksdagen-motions/blob/main/data/1896/mot-1896--ak--00134.xml,i-J3DRDw3b8mFwSVN8fgx2DS
https://github.com/swerik-project/riksdagen-motions/blob/main/data/1896/mot-1896--ak--00174.xml,i-2kLR1QFBRK4TzA8EaYwdB4; i-ESAm1DKfv3KraeQ1CSiwmq; i-EpGkoMNMbkRJY15jN8HtRn; i-LzAkAb8hM4738RATfMA7Wt
https://github.com/swerik-project/riksdagen-motions/blob/main/data/1897/mot-1897--ak--00104.xml,i-2gFz918CyUZkTuGwyS9VJt
https://github.com/swerik-project/riksdagen-motions/blob/main/data/1897/mot-1897--fk--00011.xml,i-PNvieUM2GWTgmE61U6djzk
https://github.com/swerik-project/riksdagen-motions/blob/main/data/1897/mot-1897--fk--00018.xml,i-8dhXgrUShJSTmoPcB9FfMi
https://github.com/swerik-project/riksdagen-motions/blob/main/data/1898/mot-1898--ak--00053.xml,i-L2Qzee4DnAx8NzP6BEnAFg
https://github.com/swerik-project/riksdagen-motions/blob/main/data/1898/mot-1898--ak--00108.xml,i-4U8pJUccpdMTNKnRBaLNRn
https://github.com/swerik-project/riksdagen-motions/blob/main/data/1898/mot-1898--ak--00138.xml,i-EpkJAsCf15osmWnpEQgYvg
https://github.com/swerik-project/riksdagen-motions/blob/main/data/1899/mot-1899--ak--00056.xml,i-7qvitSSN8gQ1uzg5iwWjD9
https://github.com/swerik-project/riksdagen-motions/blob/main/data/1899/mot-1899--ak--00211.xml,i-N3Bh5ViRWqhFm6dVGLEieJ
https://github.com/swerik-project/riksdagen-motions/blob/main/data/1899/mot-1899--ak--00241.xml,i-BCZWbGeLzeuFhF8y3gEaZo
https://github.com/swerik-project/riksdagen-motions/blob/main/data/1900/mot-1900--ak--00054.xml,i-L8igD41spNvbEjshjG3znh
https://github.com/swerik-project/riksdagen-motions/blob/main/data/1900/mot-1900--ak--00130.xml,i-dppNpPyX1pBND8b8JcCpo
https://github.com/swerik-project/riksdagen-motions/blob/main/data/1900/mot-1900--ak--00151.xml,i-5wWRJAXfVgvuneH3sdAR6w; i-R9MyGXJGkxUW6BDGZnaPCF; i-Shx8s54ySb2pPVzcDRXmxN; i-GbhiuQPNmKizBowZVk5os8; i-X7kXqhE1n1PkiMA2ijiw2b; i-S5mRUGGT3RXeRgMjsKf4P4; i-SuBtdXciX6FHNe1ctVkGSc; i-8PVe98F8qyBcQbdgnawnR4; i-CJrCTNjx52Xn65aijhiykK; i-2ajxL1uZzxQsvJXngW96hD; i-6WG5sy3umvRtHKftBHDXCs; i-JEgc1aAvpjdwHjnsG3nTk5; i-3FXDiNFhMaD2xtLwqRVLbs;i-M3KsriBtBmH4v2DUpjuGUU
https://github.com/swerik-project/riksdagen-motions/blob/main/data/1901/mot-1901--ak--00125.xml,i-VM3kn4h4mTkLoFpEyrhy5t
https://github.com/swerik-project/riksdagen-motions/blob/main/data/1901/mot-1901--ak--00166.xml,i-MAQEcZ126HmopwZCi53wi2
https://github.com/swerik-project/riksdagen-motions/blob/main/data/1901/mot-1901--ak--00175.xml,i-Qdz4d8Ykv3zsRZVZxrcte1
https://github.com/swerik-project/riksdagen-motions/blob/main/data/1902/mot-1902--ak--00007.xml,i-9My6zQNwR987YADn41a1Q6
https://github.com/swerik-project/riksdagen-motions/blob/main/data/1902/mot-1902--ak--00059.xml,i-CMeN1LMPs7fPYY5k3Y79z4
https://github.com/swerik-project/riksdagen-motions/blob/main/data/1902/mot-1902--ak--00061.xml,
https://github.com/swerik-project/riksdagen-motions/blob/main/data/1903/mot-1903--ak--00055.xml,i-KfhionKEV1mdEwMpzxVxcN
https://github.com/swerik-project/riksdagen-motions/blob/main/data/1903/mot-1903--ak--00064.xml,i-WJFUxfoH9MxRGxnHzAMK9D
https://github.com/swerik-project/riksdagen-motions/blob/main/data/1903/mot-1903--ak--00101.xml,i-StedJdxnLqw4NbNmZQ7ibE; i-KLVdWuEH3iyC7Ws5pZeVNK; i-PPQzQpjxJgK9T8oVftkuFD; i-2ASB6DoU1XW9sV8ZGbcxey
https://github.com/swerik-project/riksdagen-motions/blob/main/data/1904/mot-1904--ak--00145.xml,i-JPitp7YnyA5FVnAVx6buJK; i-9zXKiuNmSKJDEsoG3gjATF
https://github.com/swerik-project/riksdagen-motions/blob/main/data/1904/mot-1904--ak--00151.xml,i-5wWRJAXfVgvuneH3sdAR6w; i-Q2P8tFSZepYKH7UCJjpycJ; i-9FaEFPLt3oQFHYZzfytdP2; i-TjTXd1BhNmQYR6chLowerA; i-5c9mfR236xt4zVBBWJTpNn; i-CstbzCQGy4imdVSWZesSu; i-EZgzHXqRzCH5Uq63fALDeS; i-DQ9MiFCTqXqDgv4LnUitVT; i-JEgc1aAvpjdwHjnsG3nTk5; i-4R2KEQAwfYsX1osXqxZ66T; i-9wN2nfyUfzSDZicp5e3dkR; i-5YeVw64y97GEawvX93x6P5; i-GbhiuQPNmKizBowZVk5os8
https://github.com/swerik-project/riksdagen-motions/blob/main/data/1904/mot-1904--fk--00022.xml,i-M5aMXV2yx6yh9KuYz7Z45q
https://github.com/swerik-project/riksdagen-motions/blob/main/data/1905/mot-1905--ak--00114.xml,i-8QhUhC7tghVhGLiXuQy6st
https://github.com/swerik-project/riksdagen-motions/blob/main/data/1905/mot-1905--ak--00146.xml,i-FDUnfwLSnbmZFbmEoCBSeE; i-EKcEsJ8rgRpxXJKX9UZCn
https://github.com/swerik-project/riksdagen-motions/blob/main/data/1905/mot-1905-urtima-fk--00004.xml,i-YFmh6ABc2GTvHAkuL7pFAP; i-87LPANBiBX7wLgJ4qtMBss; i-7QiMQk25eeqJqnZvPQk62u; i-U1HgHsSCQwRnuUvdRGojU4; i-YSW8Kg6NVNWR81nXxwY7Pw; i-GiW7zxnS4J1KGakxdFC177; i-Co7CHUvCQqnWiD6XBtunA3; i-Lm3eE3F9Uin1JPz2edLpYC; i-Fnu186BGHvvTJDuB7t6zMb; i-QvQF7Es6NnMXfNhoeCLJL2; i-FQJJCrSL887VqdEgWRuCYj; i-YVqWZSiikwY2UYC3gt2RvM; i-GkkQbto5JYXvdSs1bs6RLo; i-Wjs7vhiqPDs5DWBCyXkc77; i-W8sBcvRsddpMCiVmEeekWs; i-CjSFC5KzVjviPvMWRXCbe6; i-C9K2zQhbi7bGUXtbQLDqku; i-D7KfkW1nDvvN3JwmiZtbX5; i-KrDgdZwFvbfz2DRQDX9Aw6; i-A5JQXuHfaRp4u95HrYD9gd; i-Snz4JyGqut3x8YoNGkcqwt; i-LEiVmuJS3qfxU5P3M3NMxf; i-HqRXpcNvVcpAFSfTDWhdNx; i-2dY1SGv8Hf9ixu6QkJdDsP; i-Uh4cCK1LpYUrgkGNfFiCKh; i-BRVDAnCnib83pYossDYwRa; i-Er61oaczszUgxR1FzN9neP; i-T5TQTo1x9KZiCNRXHysUZG; i-5581gcEvQGbiMJEyEKV6yh; i-8yGuNy24hvMd2Z2td7mHze; i-TwHRimW4qHP6qKGd2peE57; i-DrXSPzMYgVV6atUHfgBSF4; i-4QmvMZkdVwHxUNSzFz7zzs; i-PNvieUM2GWTgmE61U6djzk; i-PpnCjvomNLjsJprvA7oC4i; i-8Rh26BWHsu23CsDhDYmcE9; i-WS6avHnstrES8AWCVeqaD9; i-5haQvBqofmVv7uAtDuavic; i-SUicGYDDyHF8pDkbccXJwW; i-T5fFgQ73BhXWChgostnu9w; i-5m7eXbqSoKZzWQ41W9boXX; i-YQ6g7JsKJpiQK8dbyD7FQo; i-R5nrkYVYWRipCGrS8PAyUz; i-FSJ4kw3boEHgUkPEAcBMPU; i-YBeHR1zEBPMM35nMEreTz; i-G1xzyAPjWuB2rB8kWLGUve; i-SbYnBCjoFEsouNvrLVZ1J2; i-GX7BNu6JdpkCkLvrx2oYRe; i-7TJqANjbrgd7SVhZMKk9xF; i-UDziRjgcxgNjFct4MavzVQ; i-EFg8HwcKJoaLpGz6Y9q9aW; i-FFyGhg7yDLhat7YPoNLzaH; i-JCyzttMVkJyC3MktTPBWrC; i-FTiFt8AALJDsUjHZcZEDSH; i-458Xitx1rMUDzu6Nz48nrJ; i-TXTMjmW8M6sutYxwmKpuaD; i-8VsfxTDe2G4GaxT4mL9cj9; i-YQVJCQSW4NWPJmxYfGu3f9; i-DGMnBps2wUrSusm54kdoY7;i-6oRamg3DcU6q3ybLVDX2pR
https://github.com/swerik-project/riksdagen-motions/blob/main/data/1906/mot-1906--ak--00067.xml,i-9zXKiuNmSKJDEsoG3gjATF
https://github.com/swerik-project/riksdagen-motions/blob/main/data/1906/mot-1906--ak--00167.xml,i-ERTFQPdbrLL5nsYqVAz5fk
https://github.com/swerik-project/riksdagen-motions/blob/main/data/1906/mot-1906--fk--00039.xml,i-Co7CHUvCQqnWiD6XBtunA3
https://github.com/swerik-project/riksdagen-motions/blob/main/data/1907/mot-1907--ak--00018.xml,i-X43kaZ3UoFfnrYCcPKoxe9
https://github.com/swerik-project/riksdagen-motions/blob/main/data/1907/mot-1907--ak--00283.xml,i-WznDfCH6YyNH8Yey7Nai8P
https://github.com/swerik-project/riksdagen-motions/blob/main/data/1907/mot-1907--fk--00040.xml,i-QfeDyZ27DQmH17bsjAZDYK
https://github.com/swerik-project/riksdagen-motions/blob/main/data/1908/mot-1908--ak--00032.xml,i-4U8pJUccpdMTNKnRBaLNRn
https://github.com/swerik-project/riksdagen-motions/blob/main/data/1908/mot-1908--ak--00087.xml,i-9My6zQNwR987YADn41a1Q6; i-JeEhWTEJ1fGidrGkZYPz2T; i-SKeNWqaodDskJWp4b2SKPZ; i-3FXDiNFhMaD2xtLwqRVLbs; i-VtEQ8SVLoatCxVAtXfHKdk; i-XGVW64gsZQSueELeaURjDd; i-HiKfkPFGETvWecEKyujzt7; i-HosDPsxC8xMsApG7PEcMfP; i-YEQC2cS7Zaae9YLGWdiy6e; i-3C2pZzS1wYjgNMiss84Dyp; i-4KJMAUW9zFRD1g1ShqsMqw; i-KeUzxNbv1zjTz7FVRHayGh; i-NEpRkdSsVMJsoZ2CsDVptk; i-4UEzXgg6g6fiqb4dQ2EDU3; i-3MuEs2XfJdL7dc1ejaB7XH; i-WJFUxfoH9MxRGxnHzAMK9D; i-L8igD41spNvbEjshjG3znh; i-LoXDYGWub1gb91DidVVRYY; i-JENnhuCwfVGBYLEfgxjRKt; i-JgCcdTbPbwrVHLWw1wCXea; i-DGWck5RqFSbnKb8DXViXWK; i-6GAocgVxQ6jiDDMLZHLu3d; i-8JJL5nBWvuqFEZprH3q31h; i-JSD38mWT7YyULoZeavmfbP; i-MSwoZDhSrwsWcizAjowXzs; i-CstbzCQGy4imdVSWZesSu; i-M7Dk5qjwUCDNKDmAMZJ1AM; i-McNdJaEnje6pXfi83cxxZW; i-3LADpippuGsVzASZffPQLR; i-McNdJaEnje6pXfi83cxxZW; i-3LADpippuGsVzASZffPQLR; i-5KU1YWjCS7iAhCxYP8wCR7; i-Ffeyu3W1u9rCYut1yN4GxR; i-X43kaZ3UoFfnrYCcPKoxe9; i-4NKRPNLjC6ugs779Z9diuB; i-W5aPPUd6NTa4yTBoRzWdL4; i-e3njExJEdDXrssXnJs8AP; i-Pw6YkjTiEBrsDRAfUGA5BK; i-4U8pJUccpdMTNKnRBaLNRn; i-GZoogxEzVqVUYFbhFp29C6; i-NKRTEKkMqyNZNU9RaYZLPC; i-2VZTfC47GBddiryCh2CpHE; i-AyHSMtd1f1kVFSaVvtTmaY; i-bvK2bTT41cp1JwsNkqEDL; i-SaffZ6X6yDXyuRsRUviMqP; i-5QNyZTTuhxgQFGbUQZGhjK; i-Ru4m7PwPngedWP65bhXJgu; i-9gw6tCpchuRJcG4S3PU6wP; i-SmANBDpEMp49AgxGMgLJX; i-JEgc1aAvpjdwHjnsG3nTk5; i-K2CCfv9yeMy3FtZnJC2wDV; i-4sYa5sygAXm9dvBK1sGrPS; i-WSxGsjkEHq7ws5C5Cxnh3C; i-41U85NpCtLzodB8GxLpNNW; i-6KBNU3ydsmAUThaDn8NUTw; i-FyewTLfHXRZ4TcfWtKQoK3; i-RFJmo1wDqVKRtoJAz97Trc; i-A9gFi7dPaz2uAdYRAB5NBW; i-S4QJj2NhwnwkQWq9S5v3My; i-FDUnfwLSnbmZFbmEoCBSeE; i-V2Yf7CVM1fnjwE7NX2LxmC; i-5KMyLRkLkB8aJEWrPNdHMU; i-CcpzmowRD9FCdmx6qJ2zA4; i-8hVM83QA7RPKjxXQwKd7qt; i-L2Qzee4DnAx8NzP6BEnAFg; i-3eyX9xS4WQ3JLxhqJxXaHE; i-A37vmFDFqtaNCP1Zn7USP4; i-KdWud4ycRn3KqxNrvnNkTT; i-8zen6gqoJKVpG7SVBDYFet; i-NwhdVgupCWjkZSqQNMjJnp; i-2vPqRXUJK7sLEawPeFYaLa; i-B1SwupwM9QjXTLJUdzWAMP; i-Tp1jKTFhFzA8shVD7JggNL; i-7u6TSL3B2X57aHRQYkKAD8; i-dppNpPyX1pBND8b8JcCpo; i-So9wC4TTQKv5y5xeguwfcC; i-BT47MSwG1gLkUPj7t1NX3R; i-EghjWo8X6J8EqRorAV3wKX; i-NpP8YUnngHY9XSGASPWpn;i-DZFQeFBsFcs9N6uxCPxEWg
https://github.com/swerik-project/riksdagen-motions/blob/main/data/1908/mot-1908--ak--00328.xml,i-7PPDYGig7k4bxzbKBQKEXq
https://github.com/swerik-project/riksdagen-motions/blob/main/data/1909/mot-1909--ak--00064.xml,i-7A9HqrivrCiBjzam9UZXaa
https://github.com/swerik-project/riksdagen-motions/blob/main/data/1909/mot-1909--ak--00065.xml,i-9My6zQNwR987YADn41a1Q6
https://github.com/swerik-project/riksdagen-motions/blob/main/data/1909/mot-1909--ak--00262.xml,i-BT47MSwG1gLkUPj7t1NX3R
https://github.com/swerik-project/riksdagen-motions/blob/main/data/1910/mot-1910--ak--00202.xml,i-XzSzFtnrtwQBSXHVwVhrCf
https://github.com/swerik-project/riksdagen-motions/blob/main/data/1910/mot-1910--fk--00031.xml,i-MXmaSj4jbRgkRhwVRbwucF
https://github.com/swerik-project/riksdagen-motions/blob/main/data/1910/mot-1910--fk--00086.xml,i-BmmCknnFJ7aPP89K4ZvaFq
https://github.com/swerik-project/riksdagen-motions/blob/main/data/1911/mot-1911--ak--00088.xml,i-2vPqRXUJK7sLEawPeFYaLa
https://github.com/swerik-project/riksdagen-motions/blob/main/data/1911/mot-1911--ak--00368.xml,i-Qe8ESiYibuKbQKH53aWPcQ
https://github.com/swerik-project/riksdagen-motions/blob/main/data/1911/mot-1911--fk--00098.xml,i-XLVGDGtQ7NCyXWncMFEL2t
https://github.com/swerik-project/riksdagen-motions/blob/main/data/1912/mot-1912--ak--00220.xml,i-XzSzFtnrtwQBSXHVwVhrCf
https://github.com/swerik-project/riksdagen-motions/blob/main/data/1912/mot-1912--fk--00010.xml,i-RtxZuFnamB5g98wKkcHcxb
https://github.com/swerik-project/riksdagen-motions/blob/main/data/1912/mot-1912--fk--00110.xml,i-BedoVVUtGhYy2ZeyUHdGDk; i-XLVGDGtQ7NCyXWncMFEL2t
https://github.com/swerik-project/riksdagen-motions/blob/main/data/1913/mot-1913--ak--00250.xml,i-XzSzFtnrtwQBSXHVwVhrCf
https://github.com/swerik-project/riksdagen-motions/blob/main/data/1913/mot-1913--ak--00321.xml,i-UpAEyZaZCWs3BDdn8hsXfo
https://github.com/swerik-project/riksdagen-motions/blob/main/data/1913/mot-1913--ak--00334.xml,i-KpeDiXpqmHppgJ6ygKRBep; i-JNeKaAfNo39ynSv8f8tbdu; i-Lh9kYcGDBLjeWYgViArsTT; i-F9ewtPwkU2RmcUUoQ6XRXa
https://github.com/swerik-project/riksdagen-motions/blob/main/data/1914/mot-1914-a-ak--00066.xml,i-D9e1qBZk5bQ47d1qTpxkFS; i-rTJYipszwy7NHLZruxVHz; i-5Pgd1MBaZKxCK4kGqXRHkQ; i-3eyX9xS4WQ3JLxhqJxXaHE; i-GcSuPZvJtsaci7tEAyk4PJ; i-7X1urHCX2551dpKM4vtZT2; i-T2qfd2gPbbrGjdUfD6ENGo; i-T2ePUp7uVeKir5yx9GStFh; i-HWxc5gWNq1Au8fJe24ABtF; i-WcFxEhfmvQmsKmKrYGvvSU; i-Y36Nf5Joan9UkWc6D3L22k
https://github.com/swerik-project/riksdagen-motions/blob/main/data/1914/mot-1914-b-ak--00039.xml,i-HEp8a6QirbXWudq8pjbqYn
https://github.com/swerik-project/riksdagen-motions/blob/main/data/1914/mot-1914-b-ak--00269.xml,i-XzSzFtnrtwQBSXHVwVhrCf
https://github.com/swerik-project/riksdagen-motions/blob/main/data/1915/mot-1915--ak--00086.xml,i-UoT7tDJiDZGv2bnee2eeYm
https://github.com/swerik-project/riksdagen-motions/blob/main/data/1915/mot-1915--ak--00245.xml,i-PoEnkqgRthqgybjNd47ZwU; i-9iqLBgdAYEoR244dkazyYj
https://github.com/swerik-project/riksdagen-motions/blob/main/data/1915/mot-1915--fk--00080.xml,i-B8NxNnu1t7iC4QAwR3ccxG
https://github.com/swerik-project/riksdagen-motions/blob/main/data/1916/mot-1916--ak--00013.xml,i-DxLwWYaykm3cqWP9bLmY7Y; i-Rouy7d9ZiNkiBXQ6AyWuoA
https://github.com/swerik-project/riksdagen-motions/blob/main/data/1916/mot-1916--ak--00071.xml,i-4LP6HUMuDi6jwv5MgHWALJ
https://github.com/swerik-project/riksdagen-motions/blob/main/data/1916/mot-1916--ak--00270.xml,i-LAeBbuwZ1Sak1HWNkZ6dVr
https://github.com/swerik-project/riksdagen-motions/blob/main/data/1917/mot-1917--ak--00142.xml,i-3ESxygPf8xSDBdUjnTaZ9K
https://github.com/swerik-project/riksdagen-motions/blob/main/data/1917/mot-1917--ak--00404.xml,i-GjPDKQNUpvhz9Z34ZyCJCt; i-5FVdMDpYqfd1DagjigQmtP; i-EEgp39w6M66SH9dRdqEEBo; i-FDVfwmP4JrDHZEsdcS6SN; i-H2YZQmoQ41fcenx4fVKTwc; i-TinjVHybdUQSFE1ugBX4dP; i-5VLeRuY2ZxCANAfXVjtfFZ; i-WEQD8hgUpQwg9GBpzPS913; i-FMmERwnYXRjNZmhsggDb2Y; i-N7sVTEwk6zFPbv53NfRyWt; i-4n1jVeXSASHcu8otmsgFaZ; i-K9K6z4qua1txgL1jVaSy3a; i-C1dumaUjqTgW3QkeLTYGVm; i-Y36Nf5Joan9UkWc6D3L22k; i-VERe5A9b1TFJrDcWXgFBCj; i-7obXNCmoo5c3sVuUBAurF8; i-DHjzH9jnTayyfbJeUy4jsg; i-DVBTR4FnJMy9pff8g7tptN; i-Pbij6TKUQNgsAiAxKYBqQ9; i-51Z8nc68zSRytuD4EvZmvK; i-4QcyAodakKRLpdzzJ62KBg; i-DG6BXgx8UjAtTaWFXph2np; i-Uze1pHGQvFL91JzrhcG7dj; i-3RnD8T9ms8CZMMrYjFAoRU; i-HxFVoLNmcLN3NF2EPWuWS2; i-WsSYRNyvrHGqpbtNPRGG1m; i-VjJjJLsLvPRb56Nkzz4Ghv; i-2gBVxM8igvS4RQ1T5GE8Qp; i-PxdF4uP1ZyUrjC1bJMn4iY; i-Au5MnYkbRDPQPetSRettaC; i-YHQFSryrbRei4Y3mNMkiWx; i-3pe1JKqvmq7PaBnw7PEhXT; i-P3dC4LeKcDypuSdFykN44g; i-SZzXscFnNwKdCaVKm1W5au; i-DZFQeFBsFcs9N6uxCPxEWg; i-ViqdoaJZjEkNmETR2XoKpB; i-SWJsb6nFW5PbETUc9Y6Hur; i-3ESxygPf8xSDBdUjnTaZ9K; i-3R7qLxY2CURc4oEqo2xMKC; i-K2CCfv9yeMy3FtZnJC2wDV; i-TjuPSYKkx95qCszBSy7x54; i-4LP6HUMuDi6jwv5MgHWALJ; i-33NyqMNjzDHeZyWFbFruFj; i-Lh9kYcGDBLjeWYgViArsTT; i-9cYsFuLsrAUioQXvcyUNgJ; i-MayVboVGayNDk8VkKpWKZY; i-3DLEKns8xgJB66t2ZrR5T6; i-2M1688NA1hxdZmbJwUTnhY; i-EGzvssMCtUmig8cQyyyXqu; i-3XFieHvCxpEc9aqT4qbsAD; i-6cxJS4uq1DWpkPMe1L6f36; i-VtEQ8SVLoatCxVAtXfHKdk; i-PiZWNcMn9w8S8gkcHTk71v; i-3eyX9xS4WQ3JLxhqJxXaHE; i-HDHXUmj1pQK4Aot3piEBBF; i-QxtcAkdsi14cChCzDiXJXh; i-VENfM3q4bHioaeyrNfV9F4; i-NZRf7Xd1VhfbXox6hjDxr3; i-6sN96xLz1oU7eeLsHhdGvq ; i-7T7anLoEaCUNaqBzA2gJY6; i-6jHY7AkggFseY8T6gjqU21
https://github.com/swerik-project/riksdagen-motions/blob/main/data/1917/mot-1917--fk--00018.xml,i-Xk2ZY1AVkT44C7mHKMPyhE
https://github.com/swerik-project/riksdagen-motions/blob/main/data/1918/mot-1918--ak--00022.xml,i-DAH7HE7hyooQ6Npv1s89cz; i-RZvCDDC9zwyuV3rH48onze; i-GUQT4NRF9jHSr6mxy1pdd1; i-FDVfwmP4JrDHZEsdcS6SN; i-WzXyAHxnTgrbooSGfnLneN; i-9vaPeJXzHNY4GewzmyfoX1; i-TinjVHybdUQSFE1ugBX4dP; i-XQDnBCoJiibzSPLTXopxxL; i-FMmERwnYXRjNZmhsggDb2Y; i-PkDNy9bEbEnW9xaNKSjppw; i-5FVdMDpYqfd1DagjigQmtP; i-XFEhRzCFQQDP2ss1U1FZYV; i-Xnfdsoak1nYgytrHECpTyA; i-WEQD8hgUpQwg9GBpzPS913; i-X9CKrvcskCx1d456DMZZSv; i-VtEQ8SVLoatCxVAtXfHKdk; i-EEgp39w6M66SH9dRdqEEBo; i-MJL89J5NnS7c2Vx7JY9Uga; i-JC4yT43VjuXRRqfGmkRoTB; i-3139LqaoEDPArxpLRyxXT8; i-4n1jVeXSASHcu8otmsgFaZ; i-MayVboVGayNDk8VkKpWKZY; i-TYpddiX12HJSyT4ZVp2VpB; i-AuDFSNHXg72pSatxXN4KsX; i-3DLEKns8xgJB66t2ZrR5T6; i-6sN96xLz1oU7eeLsHhdGvq; i-7T7anLoEaCUNaqBzA2gJY6; i-XnS7fqeXfiQQG94B2iCtBm; i-EfAM5G3DJEfvAmPswNVe8G; i-5VLeRuY2ZxCANAfXVjtfFZ; i-Fwtr41iSkotzGb54DXogUy; i-JdC8fmaurdMQcePeV6vVug; i-HRHmpWFqQQ3m7SzQAG7rH2; i-33NyqMNjzDHeZyWFbFruFj;i-XsqTLM8XkrWMMmESz97Mak ; i-68jMa5pY6MfnhKzmEFaxtd
https://github.com/swerik-project/riksdagen-motions/blob/main/data/1918/mot-1918--ak--00281.xml,i-8e97Z8CH9cGtDJXCnfJMMg
https://github.com/swerik-project/riksdagen-motions/blob/main/data/1918/mot-1918--fk--00084.xml,i-7aqaEvVNyi28WZuCcDCgcz
https://github.com/swerik-project/riksdagen-motions/blob/main/data/1919/mot-1919--ak--00024.xml,i-C1dumaUjqTgW3QkeLTYGVm; i-2TbJKggFihcEZWLdGpj6Qa; i-PXVtfQzPwWBTqU2ztfXAEr
https://github.com/swerik-project/riksdagen-motions/blob/main/data/1919/mot-1919--ak--00129.xml,i-JC4yT43VjuXRRqfGmkRoTB
https://github.com/swerik-project/riksdagen-motions/blob/main/data/1919/mot-1919--ak--00348.xml,i-RC4riwk1gZvGGkUqkfM15y
https://github.com/swerik-project/riksdagen-motions/blob/main/data/1920/mot-1920--ak--00039.xml,i-XQDnBCoJiibzSPLTXopxxL
https://github.com/swerik-project/riksdagen-motions/blob/main/data/1920/mot-1920--ak--00071.xml,i-MzxPq6KWGSAnEqQ2YUDct8; i-RqR2A6377nKn1urUCF35Tf
https://github.com/swerik-project/riksdagen-motions/blob/main/data/1920/mot-1920--ak--00276.xml,i-2Jx7WEDYHWuMCtxq8yapD7; i-JC4yT43VjuXRRqfGmkRoTB
https://github.com/swerik-project/riksdagen-motions/blob/main/data/1921/mot-1921--ak--00040.xml,i-YHQFSryrbRei4Y3mNMkiWx
https://github.com/swerik-project/riksdagen-motions/blob/main/data/1921/mot-1921--ak--00138.xml,i-DKcSarjroHy1Bts6XBWjvv
https://github.com/swerik-project/riksdagen-motions/blob/main/data/1921/mot-1921--fk--00157.xml,i-XzSzFtnrtwQBSXHVwVhrCf
https://github.com/swerik-project/riksdagen-motions/blob/main/data/1922/mot-1922--ak--00061.xml,i-FCMnpjWTxQ3MKDCVHqbnHZ
https://github.com/swerik-project/riksdagen-motions/blob/main/data/1922/mot-1922--ak--00137.xml,i-9wGNq3SSwPyfuXoCASDnJr
https://github.com/swerik-project/riksdagen-motions/blob/main/data/1922/mot-1922--fk--00114.xml,i-G1xzyAPjWuB2rB8kWLGUve
https://github.com/swerik-project/riksdagen-motions/blob/main/data/1923/mot-1923--ak--00205.xml,i-YLYgwWkay3eTxx2S1Y9nQY
https://github.com/swerik-project/riksdagen-motions/blob/main/data/1923/mot-1923--fk--00027.xml,i-QEr7rAqv2FNkn4mL3eSmVp
https://github.com/swerik-project/riksdagen-motions/blob/main/data/1923/mot-1923--fk--00134.xml,i-Si8rApVLkHjESceLe7GG8E; i-DVBTR4FnJMy9pff8g7tptN
https://github.com/swerik-project/riksdagen-motions/blob/main/data/1924/mot-1924--ak--00218.xml,i-JZUvpfuB1hbA3gVKmHkpAM
https://github.com/swerik-project/riksdagen-motions/blob/main/data/1924/mot-1924--ak--00357.xml,i-3139LqaoEDPArxpLRyxXT8; i-UKeq6sadnYjRiFDYtsxLLW; i-5ocMrCNXM69xuk4ciQWBnF; i-P3dC4LeKcDypuSdFykN44g; i-4e7XieU4tkMVuMm7L6tFXX; i-UB6tzZLvjH1LGZxk45Pj6K; i-HiSGGff3XbikXDhwU1utTf; i-FCMnpjWTxQ3MKDCVHqbnHZ; i-MHwzHx2BRZmuZPpg2gHYPQ; i-MzxPq6KWGSAnEqQ2YUDct8; i-2Jx7WEDYHWuMCtxq8yapD7; i-HNYe8aujVCZTrocrTDPodK
https://github.com/swerik-project/riksdagen-motions/blob/main/data/1924/mot-1924--fk--00268.xml,i-25WANiY9YMaqEdj4ufyeqi
https://github.com/swerik-project/riksdagen-motions/blob/main/data/1925/mot-1925--ak--00146.xml,i-RZvCDDC9zwyuV3rH48onze; i-3139LqaoEDPArxpLRyxXT8; i-5xbpwZHjLMEGP3pEF37iPy; i-8Sfdzfh16tWKAL6C7NCcA5; i-2idvkVsaizPjHffjy7Fqpg; i-cZaAazYai1ZNWZmjcAmax; i-XQDnBCoJiibzSPLTXopxxL
https://github.com/swerik-project/riksdagen-motions/blob/main/data/1925/mot-1925--ak--00174.xml,i-XYYWDqwaMDuNe4nzR1T3aQ; i-FM6MMcusGpk6ZPWpXeYthr; i-6kUUa46exahjtEtVcbrJBo; i-VAMU813hn5oo8CeeRvxacA; i-FCMnpjWTxQ3MKDCVHqbnHZ; i-N5TSABLbZXAKm9PLjFxT53; i-3DLEKns8xgJB66t2ZrR5T6; i-B5Mnjpt8rqBfGh6JQ4dcyz; i-ViqdoaJZjEkNmETR2XoKpB; i-3pPDWXfF3wxyAxqygpDKiJ; i-7h8oALVXjuheXj6Zv4VA5g; i-RxtwEnxL6w2WnGDrBRqde2; i-QNtjoW5Vxzee49kvmSyDsT; i-GXdR2EaK5rsF4FXRtSg17k; i-Niq4WHb47qWzpgYWbjAE2Y; i-2tbdBcby74PFaeUyCBPwWD; i-RfZ8Cxmm4mGNUCys8QXb7s; i-JC4yT43VjuXRRqfGmkRoTB; i-XD5q9S6mMdHF4YeAdX1eSp; i-PViGBm6bvNM72xgLPe6DPy
https://github.com/swerik-project/riksdagen-motions/blob/main/data/1925/mot-1925--fk--00126.xml,i-PCzyK8veSHLeYJrKiYmXGZ; i-ULyugLSiyH9RV7AFPTo8oN; i-MsNFFSyPnWMiCgQjNLn72Y; i-XAKq4ST8iCMkLqQMzWjDpp; i-EWszvfJHbPLCQKeFqNXv1s; i-CpgswtAFXDTAyYjTrFkW5J; i-Cu3kjdTBuGU9w2XTM1QAdW; i-Pes4yEx5YPmLWhR5Z3pQZS; i-H4iwFuXf6Rh11ruEkNpUDy; i-WwQFNFc4kYw5wzXB1NDk6o; i-XCDrG8sm2g5BfsBE2XuVXB; i-B9krH8HXZPSWGdDWnrPma5; i-2XreRSaEpTa5DhpG61Xopj; i-2cnJx4mhacW8chNFTQpsG2; i-AUmBd8T8oEP8tVpZMy3qz4; i-6Rg3HSzDo6rvNWnRifCRk6; i-25WANiY9YMaqEdj4ufyeqi
https://github.com/swerik-project/riksdagen-motions/blob/main/data/1926/mot-1926--ak--00010.xml,i-3XFieHvCxpEc9aqT4qbsAD
https://github.com/swerik-project/riksdagen-motions/blob/main/data/1926/mot-1926--ak--00059.xml,i-A2SKxkXq7pZ5UV2ssX3g5g; i-8e97Z8CH9cGtDJXCnfJMMg; i-SfDZtdC5fgukcXJsiu8J9U; i-SHtWSkMn1ftL5KCEMdPSaR; i-UPDaxumzyj6fDnRGwFj5nF; i-Rv5YgY2YsB2yQzev4MBRmS
https://github.com/swerik-project/riksdagen-motions/blob/main/data/1926/mot-1926--fk--00229.xml,i-Up1YbZAD1m2spR51D47co6
https://github.com/swerik-project/riksdagen-motions/blob/main/data/1927/mot-1927--ak--00244.xml,i-HiVV5oHUvJvLx8V2dQFLFu
https://github.com/swerik-project/riksdagen-motions/blob/main/data/1927/mot-1927--ak--00331.xml,i-B5Mnjpt8rqBfGh6JQ4dcyz; i-3139LqaoEDPArxpLRyxXT8; i-7xGMmknMbuzFdtRe58BrWc; i-ViqdoaJZjEkNmETR2XoKpB; i-VAMU813hn5oo8CeeRvxacA; i-2tbdBcby74PFaeUyCBPwWD; i-GBSUdoSRv56vrATyT3J3Pv; i-PViGBm6bvNM72xgLPe6DPy; i-LToMcVXu3j48yboSLK1sPQ;i-6kUUa46exahjtEtVcbrJBo
https://github.com/swerik-project/riksdagen-motions/blob/main/data/1927/mot-1927--ak--00406.xml,i-Xv6Qpv2AXpXRsohVu3AX1F; i-BKaeof17U4zVqCVaBSDwyd; i-5EHoQFHRYQbiPPy5422WPT; i-SXv5Tc5coUXhzaHBJfs33a; i-K9n68dBnLCt3xWtXN75tzY
https://github.com/swerik-project/riksdagen-motions/blob/main/data/1928/mot-1928--ak--00163.xml,i-31Q457DWEnbThb8ttXTacq; i-5xbpwZHjLMEGP3pEF37iPy
https://github.com/swerik-project/riksdagen-motions/blob/main/data/1928/mot-1928--ak--00450.xml,i-S4jJECjfFmddUzRkooT6yP
https://github.com/swerik-project/riksdagen-motions/blob/main/data/1928/mot-1928--fk--00284.xml,i-GaQh19d66D5oDPaFNq5DY1
https://github.com/swerik-project/riksdagen-motions/blob/main/data/1929/mot-1929--ak--00117.xml,i-Niq4WHb47qWzpgYWbjAE2Y; i-3139LqaoEDPArxpLRyxXT8; i-HNYe8aujVCZTrocrTDPodK; i-ATZej4sqnWosVieztaCqD4; i-HiVV5oHUvJvLx8V2dQFLFu; i-PxJkAua7y2xMDdFhtkakAi
https://github.com/swerik-project/riksdagen-motions/blob/main/data/1929/mot-1929--ak--00198.xml,i-KBbXYtnknZx7i11LnE5ff8; i-S4jJECjfFmddUzRkooT6yP; i-LJLDuWgtRbmfUFfzKTJiuk; i-6yP8mRdXMQY3seTQXufb5B; i-Tym6Aw1gBuoRJqfGXa3Wdy; i-FXLEj98MEhXCxuiihroJSv; i-cZaAazYai1ZNWZmjcAmax
https://github.com/swerik-project/riksdagen-motions/blob/main/data/1929/mot-1929--fk--00193.xml,i-XzSzFtnrtwQBSXHVwVhrCf
https://github.com/swerik-project/riksdagen-motions/blob/main/data/1930/mot-1930--ak--00001.xml,i-3XFieHvCxpEc9aqT4qbsAD
https://github.com/swerik-project/riksdagen-motions/blob/main/data/1930/mot-1930--ak--00211.xml,i-4B6aJinJu5TMisrcdsM8Um
https://github.com/swerik-project/riksdagen-motions/blob/main/data/1930/mot-1930--fk--00052.xml,i-Rv1gU8qJesyWWD7cGh9rEH; i-MsNFFSyPnWMiCgQjNLn72Y
https://github.com/swerik-project/riksdagen-motions/blob/main/data/1931/mot-1931--ak--00357.xml,i-Tc8VMuJnL4XJ63fbqea4qU; i-UQqGFoa8dKdxwwNw6kCAkL; i-Akw6TaNXU6i1CPtvUchuu3; i-2LyiizD6VQaXk9cXFoZXaj
https://github.com/swerik-project/riksdagen-motions/blob/main/data/1931/mot-1931--fk--00163.xml,i-7yzcmgHgwvdw4zkJiWVkhj
https://github.com/swerik-project/riksdagen-motions/blob/main/data/1931/mot-1931--fk--00224.xml,i-EGzvssMCtUmig8cQyyyXqu; i-SsDpF4UKsu862YMrq789mf
https://github.com/swerik-project/riksdagen-motions/blob/main/data/1932/mot-1932--ak--00221.xml,i-Fnu186BGHvvTJDuB7t6zMb; i-G5pAFA5w4nSfdSXYxcrmWR; i-RqR2A6377nKn1urUCF35Tf; i-2LyiizD6VQaXk9cXFoZXaj; i-K9n68dBnLCt3xWtXN75tzY; i-L9wvjc4KwWfNA6NRe54BqL; i-SXv5Tc5coUXhzaHBJfs33a; i-MJ3ZdAm2Qmn1W24wgX1Fe7; i-MGdafi24N1mL5wjDyZ2RbC; i-5EHoQFHRYQbiPPy5422WPT; i-NZRf7Xd1VhfbXox6hjDxr3; i-5TJn89iuS5tsvHYmTBPUAy; i-Jq77obBeFLvgxhwoo4hA4K; i-Rv5YgY2YsB2yQzev4MBRmS; i-Dt5hSraH652po1YHZdhcSr; i-YULG4Eoup8dKyzuJx8X9fW; i-5ewETNKRwNG8CuihDDLT3R; i-LLPdvUTDtpNaANEj1n45Nf; i-9ASkBXA9k1EGNEuvr3rVgj; i-YLYgwWkay3eTxx2S1Y9nQY; i-UnNSATNMZzocKpwqSbyLL9; i-UncEf2a9cKFt97yd2TjwNq; i-RZvCDDC9zwyuV3rH48onze; i-PBqWqPgAnDmfCgCceV6hpq; i-VjLrV2ZWfM7bbeyDyx7jAz; i-XTWxYpC6x2AgbcStGcjND; i-31Q457DWEnbThb8ttXTacq; i-NasoKo22FEwsYPxLF5Y2fq; i-HiVV5oHUvJvLx8V2dQFLFu; i-AQM8mzde8ixYG8gZEV93F4; i-DkwxHBjUQFnnMjSrmuYw9H; i-KK11WJTF4if2JKc5wUX5kX; i-DHGQWRCmusU1kvnhUeZ5zm; i-RJ9jccyWpgPULxxsYHhYyB; i-BPGYb4sQuEg2EmBWT8DkA2; i-LSDmwKMAoSjQqdLsWLpezr; i-FNYgeUFNqB3Rb19pmBYaA9; i-ETEkSVpR9UzmnQi4tLS2zA; i-8BMBMzFxLfhpheTNnBRi3a; i-YP1o4uAXNvcUgJpwJCzQZJ; i-V7ccB7n8KQvCDssB4XYWTN; i-SefoHBfj1LYxndXCtgBZ5N; i-Tc8VMuJnL4XJ63fbqea4qU; i-SHtWSkMn1ftL5KCEMdPSaR; i-VVRNSGede2A6zFhbkrq5dH; i-P9uAUSLTPeppBWCVZui5CW; i-8zen6gqoJKVpG7SVBDYFet; i-KTrNx4VJFMn2FnNPE3zrHR; i-YVqWZSiikwY2UYC3gt2RvM; i-PkDNy9bEbEnW9xaNKSjppw; i-CMoRRNd5mmMNzLy51CkWv4
https://github.com/swerik-project/riksdagen-motions/blob/main/data/1932/mot-1932--ak--00285.xml,i-C4QS4gxWUMydutdM42dsft; i-NasoKo22FEwsYPxLF5Y2fq; i-3BzZTfoTmKWciTnZwiHZVs
https://github.com/swerik-project/riksdagen-motions/blob/main/data/1932/mot-1932--fk--00027.xml,i-XLVGDGtQ7NCyXWncMFEL2t
https://github.com/swerik-project/riksdagen-motions/blob/main/data/1933/mot-1933--ak--00264.xml,i-UTrfAgi22ghfsPezLcB8vV
https://github.com/swerik-project/riksdagen-motions/blob/main/data/1933/mot-1933--ak--00406.xml,i-HiVV5oHUvJvLx8V2dQFLFu
https://github.com/swerik-project/riksdagen-motions/blob/main/data/1933/mot-1933--ak--00515.xml,i-SXv5Tc5coUXhzaHBJfs33a; i-FhTohnRic91X2Lkt914b7Q; i-8BMBMzFxLfhpheTNnBRi3a; i-LSDmwKMAoSjQqdLsWLpezr; i-XqKbySrEocjq4LS7n5V8UD; i-YLYgwWkay3eTxx2S1Y9nQY; i-GeMD7gW89TWx85q2X1f9sz; i-PkDNy9bEbEnW9xaNKSjppw; i-3dCbfHyU9MxJcgj1TW7upt; i-RNDaEQyBmXoug73iH61z2n; i-7wpJfhsL3MajNFbj85uaha
https://github.com/swerik-project/riksdagen-motions/blob/main/data/1934/mot-1934--ak--00094.xml,"
i-XagQaE6Y2Zc9wu7WvmLcTC; i-3139LqaoEDPArxpLRyxXT8; i-NkVGh5tNcR8q8HeUHVc5qM"
https://github.com/swerik-project/riksdagen-motions/blob/main/data/1934/mot-1934--ak--00588.xml,i-3NpPy7cWbyt37LTiEpxrRp; i-DXGYFK7qyjVCT7njRxj8GT; i-MinYXrWbVq4kzHJJZ5VBTd; i-PKgmTs8oN8k9vBBV2361YW; i-MSjNBHZMhSJTRmVbnBc4VR; i-UkPu6xRQoyHrcwsU2NXATa; i-2DwRqPaUX1EqrTDhVYFKdv; i-57VtU3DUgS6ebh11mtUQes; i-EEgp39w6M66SH9dRdqEEBo; i-3R7qLxY2CURc4oEqo2xMKC; i-Y3KDvt8APMXFLxTKEtZKku; i-8nZWeqDZ1EQukJx25JyrWc; i-49Rvc53FLRxQqqUSrx5ovT; i-PBaPNcb4iS5pYxuTSsBjY5; i-77FGvnep7Gztpndh5FShSM; i-7NooNyWKJ33i7YNm5KahRn; i-EKaDexh9v9nEiz9rz9MXY2; i-A8WYbyYxrhjfUex6Z8WMVq; i-MdKdj31R1hhyAkPqoQG1m6; i-LJhRkyGqGFgicSSzZPbftJ
https://github.com/swerik-project/riksdagen-motions/blob/main/data/1934/mot-1934--fk--00051.xml,i-LoFMiXAZxgjLQWL3sNbXGS; i-SXTzc5s67vJRpnHZmgAvDS; i-B9krH8HXZPSWGdDWnrPma5; i-8kjX8VM7z6VKtmJHMfmeZb
https://github.com/swerik-project/riksdagen-motions/blob/main/data/1935/mot-1935--ak--00015.xml,i-KYXivvcBdXYFvocfPhZ1MH; i-WQa6YQwTfqeJST3Wo8Nm68; i-X1novJneX2zJzkpbiYviPH; i-PxJkAua7y2xMDdFhtkakAi; i-3sSCP4SpHEXgVm8b7P6qGE
https://github.com/swerik-project/riksdagen-motions/blob/main/data/1935/mot-1935--ak--00368.xml,i-WGZBix5L8xWxVCoJgUxzZP; i-JrEd2KBBm96vKhxHDyPGym; i-49Rvc53FLRxQqqUSrx5ovT; i-4SirJAx3wfDW3MXsNZZfGj; i-LJhRkyGqGFgicSSzZPbftJ; i-AJXktptSRuni1fw754JqsT; i-LGFpRQHZwRPA2XMLm3gyL3; i-A8WYbyYxrhjfUex6Z8WMVq; i-PKgmTs8oN8k9vBBV2361YW; i-V7NiAeWY2Xibey7Z9PGYKr; i-9jbeXPGrQfxx5oSytp9bfF; i-6BUT7qfDzNjtQ6zrctx2rm; i-HiVV5oHUvJvLx8V2dQFLFu; i-V2gYZ8XERX96ZTpdHjKDHk; i-WtGqPEB6HFcwThC62uUkYN; i-S8aCynzawb1F4NqNExnsVg; i-Ww8VV8hxCYiEXY5qDTZs5Z; i-EKaDexh9v9nEiz9rz9MXY2; i-Xqo83uEfAGu6C7HdvFMFwx; i-HrZsKAqAFtubE4g6dXmo5N; i-rxMPrABKBDwfiUwJZxNv7; i-GhQReVwv9ZB6vkKJp4vXH2; i-KjXCxQFmtvPac62A2kckSm; i-AWnCXGKxBPDN7gJVRfodvt; i-1xpn4vGAnPTUV3FuyR27z; i-DyZDeJHPADf8949NFr7LUq
https://github.com/swerik-project/riksdagen-motions/blob/main/data/1935/mot-1935--ak--00627.xml,i-CVG5H18C4Zmb44stfabVSc
https://github.com/swerik-project/riksdagen-motions/blob/main/data/1936/mot-1936--ak--00144.xml,i-YVqWZSiikwY2UYC3gt2RvM
https://github.com/swerik-project/riksdagen-motions/blob/main/data/1936/mot-1936--ak--00174.xml,i-PxJkAua7y2xMDdFhtkakAi; i-C3AtGSK2kCCQrcij1zKWxy; i-VacBUiqCgNFdBxDjAQggNV
https://github.com/swerik-project/riksdagen-motions/blob/main/data/1936/mot-1936--ak--00594.xml,i-SfDZtdC5fgukcXJsiu8J9U; i-TgGh4sLEipttrpG4XAgn6h; i-P9uAUSLTPeppBWCVZui5CW; i-8e97Z8CH9cGtDJXCnfJMMg; i-Bwox3EjKfvDRkzWdd46vzA; i-V7ccB7n8KQvCDssB4XYWTN; i-CYXB5gc8UwhvnW3jqhdnoq; i-RZvCDDC9zwyuV3rH48onze
https://github.com/swerik-project/riksdagen-motions/blob/main/data/1937/mot-1937--ak--00034.xml,i-Y3KDvt8APMXFLxTKEtZKku; i-Jq77obBeFLvgxhwoo4hA4K; i-UkPu6xRQoyHrcwsU2NXATa; i-M9s3VesB8pm5GqJBfxSBjq; i-4qFN14HKgUSk7schAQ7BuV; i-2DwRqPaUX1EqrTDhVYFKdv; i-BpbhXD9KYF8b5MTBrbGPWZ
https://github.com/swerik-project/riksdagen-motions/blob/main/data/1937/mot-1937--ak--00342.xml,i-AD4PVxoWFJ5WK9APNtM5vP; i-WxSJ518t8uzSX274hdbTf2; i-GPYC16egTa8Yn3wguN6WLg
https://github.com/swerik-project/riksdagen-motions/blob/main/data/1937/mot-1937--ak--00448.xml,i-HiVV5oHUvJvLx8V2dQFLFu
https://github.com/swerik-project/riksdagen-motions/blob/main/data/1938/mot-1938--ak--00414.xml,i-VMgGbpTRTohGJnt8ysZSbi; i-RJ9jccyWpgPULxxsYHhYyB; i-3FZHxgo9GniUc1FF973iHh; i-HrZsKAqAFtubE4g6dXmo5N
https://github.com/swerik-project/riksdagen-motions/blob/main/data/1938/mot-1938--fk--00152.xml,i-VqHqFtpMi7Xi5LGov8xWcU; 
https://github.com/swerik-project/riksdagen-motions/blob/main/data/1938/mot-1938--fk--00225.xml,i-SQ1RqbbuJmX4o8vnebsZVt; i-EKXQ584yuio3iyn2qYCSaQ; i-5jvc79PehcxtyUuivZivQ5; i-3x2Ux4KHuhYBW2eWArsQNW
https://github.com/swerik-project/riksdagen-motions/blob/main/data/1939/mot-1939--ak--00325.xml,i-KjXCxQFmtvPac62A2kckSm
https://github.com/swerik-project/riksdagen-motions/blob/main/data/1939/mot-1939--ak--00423.xml,i-GPYC16egTa8Yn3wguN6WLg; i-WxSJ518t8uzSX274hdbTf2
https://github.com/swerik-project/riksdagen-motions/blob/main/data/1939/mot-1939--fk--00327.xml,i-MV4Dj57kke85AeEXacFKNd; i-28QtNdtNvYW5KVgFHRDL4R; i-MSjNBHZMhSJTRmVbnBc4VR; i-GWCWCEFyM4JFjgRacrhwXe
https://github.com/swerik-project/riksdagen-motions/blob/main/data/1940/mot-1940--fk--00176.xml,i-LASmHrbJnU6cgbkm7wkovE; i-7NJGhWZzuhPwCAawWis5wT
https://github.com/swerik-project/riksdagen-motions/blob/main/data/1940/mot-1940--fk--00214.xml,i-5jvc79PehcxtyUuivZivQ5
https://github.com/swerik-project/riksdagen-motions/blob/main/data/1940/mot-1940-urtima-fk--00030.xml,i-HCwEBLHjvaPyUHpWDFDcMz; i-UhLRgE1tWfgSFkzw3urKGo; i-SHyoXz8eVs5NhxbFZxmFre; i-9T9bti79sN5bBcZ1cgwb6q; i-M1KRgYXpjzhZucy2MDj1V3; i-HrZsKAqAFtubE4g6dXmo5N
https://github.com/swerik-project/riksdagen-motions/blob/main/data/1941/mot-1941--ak--00182.xml,i-3139LqaoEDPArxpLRyxXT8; i-XQDnBCoJiibzSPLTXopxxL; i-4pbAgoLV1BB3FE92CBZsfH; i-S92z7L9SoJUQxxSTuD5rGN; i-De6ztVBeHosJZpNFbNMrgb; i-BtEDDc8ZkodPivwnvjZCKA; i-Ww6YauTo4CWyVs9d39mFxt; i-N5DuX7A68dF9YwBSdFfwP1; i-CTtrTJpWLfPLDUNWuLctMB; i-LLPdvUTDtpNaANEj1n45Nf
https://github.com/swerik-project/riksdagen-motions/blob/main/data/1941/mot-1941--ak--00312.xml,i-9Q45RD3uYLp3AUHrZrQV3T; i-2Jx7WEDYHWuMCtxq8yapD7
https://github.com/swerik-project/riksdagen-motions/blob/main/data/1941/mot-1941--fk--00141.xml,i-7yzcmgHgwvdw4zkJiWVkhj; i-7h8oALVXjuheXj6Zv4VA5g; i-YSpQuEKLcd5saavWVrUMLV
https://github.com/swerik-project/riksdagen-motions/blob/main/data/1942/mot-1942--ak--00369.xml,i-XqKbySrEocjq4LS7n5V8UD
https://github.com/swerik-project/riksdagen-motions/blob/main/data/1942/mot-1942--fk--00215.xml,i-GmG7mR1HUgUWFAUAq7Qspt; i-B9krH8HXZPSWGdDWnrPma5
https://github.com/swerik-project/riksdagen-motions/blob/main/data/1942/mot-1942--fk--00265.xml,i-MHwzHx2BRZmuZPpg2gHYPQ
https://github.com/swerik-project/riksdagen-motions/blob/main/data/1943/mot-1943--ak--00249.xml,i-6BUT7qfDzNjtQ6zrctx2rm
https://github.com/swerik-project/riksdagen-motions/blob/main/data/1943/mot-1943--ak--00312.xml,i-JSt9FnV9VQrga3d1JbkyKi
https://github.com/swerik-project/riksdagen-motions/blob/main/data/1943/mot-1943--fk--00056.xml,i-UTrfAgi22ghfsPezLcB8vV; i-L31knc1H7Q8uzLgTZoFx7A; i-MSjNBHZMhSJTRmVbnBc4VR; i-mww7tEHuUV6dtyoLF8VZA
https://github.com/swerik-project/riksdagen-motions/blob/main/data/1944/mot-1944--ak--00111.xml,i-QsRRYg3noSN6oWApGgXLGF; i-VRK4jvXteD5oQpqXgdmTs6; i-76SNFscuEcje1Vek94C3va; i-P4bPUPyGmqoAqg292wWb7Z
https://github.com/swerik-project/riksdagen-motions/blob/main/data/1944/mot-1944--ak--00160.xml,i-VRK4jvXteD5oQpqXgdmTs6; i-SarBm3kgakASnaHyEe9Rba; i-Vphq1Qi611uoHeM3fp2TeA; i-N5YkLzCrZQG9BDuRnb7biZ; i-QBpQJ8nzJadauYpnxWcBWH; i-Dzc5xrZoX6PeTCJ7wgLJxy; i-DfcqLG9Ux1Nu6mMoqrKYpQ; i-7x3nPBLpeHFQLKxv7KF7Sf; i-XvpBFhfR9SDB1i9KLCmqX2; i-5osNtGH86UU6wEyus1VLp2; i-5jwrBzpJ3kKsBsRMvCWs2N; i-Rv9aHnFJh2azV9pZTjG2yC; i-AWLNBm49upAvWc2G2jYeiD; i-WFsuJWdVKk2ypGbGB5owQJ; i-31zN39xumu2faEuBMxwB3B
https://github.com/swerik-project/riksdagen-motions/blob/main/data/1944/mot-1944--ak--00260.xml,i-QsRRYg3noSN6oWApGgXLGF
https://github.com/swerik-project/riksdagen-motions/blob/main/data/1945/mot-1945--ak--00070.xml,i-MXZLbf93D8sNNjc8yebEXt; i-P8ZPJ9p6xnoWgmQpdcndL3; i-Mw31BTf7uoxHTWx5X3k5QD; i-JakM4wBhrw5yCg8hj5n7GM; i-PJ95RBBNwg7dza9xBXoQMV; i-RkvKy7yomEBZCYRG5fCKH3; i-PxJkAua7y2xMDdFhtkakAi
https://github.com/swerik-project/riksdagen-motions/blob/main/data/1945/mot-1945--ak--00243.xml,i-VRK4jvXteD5oQpqXgdmTs6; i-76SNFscuEcje1Vek94C3va; i-Rv9aHnFJh2azV9pZTjG2yC; i-QBpQJ8nzJadauYpnxWcBWH; i-Akzn9z23GnAQdeU8SSqyQ4; i-De6ztVBeHosJZpNFbNMrgb; i-ABFN9YRCJxWR5CQLV4KEKc; i-EcTyixp6xZjny5gSkGGShK; i-Vphq1Qi611uoHeM3fp2TeA
https://github.com/swerik-project/riksdagen-motions/blob/main/data/1945/mot-1945-höst-fk--00416.xml,i-X4tTtS9wLMujhnTa9qtfFq; i-Jjgnog2w9zZ59EMv8163hB
https://github.com/swerik-project/riksdagen-motions/blob/main/data/1946/mot-1946--ak--00030.xml,i-3XFieHvCxpEc9aqT4qbsAD
https://github.com/swerik-project/riksdagen-motions/blob/main/data/1946/mot-1946--ak--00046.xml,i-QBpQJ8nzJadauYpnxWcBWH; i-YC9ASb3D4X3HArthruK9Yt; i-SarBm3kgakASnaHyEe9Rba
https://github.com/swerik-project/riksdagen-motions/blob/main/data/1946/mot-1946--ak--00137.xml,i-7cCozgpY4EZrWku38osFxG; i-P4bPUPyGmqoAqg292wWb7Z
https://github.com/swerik-project/riksdagen-motions/blob/main/data/1947/mot-1947--ak--00422.xml,i-3F1eUNkWXaMuYwB6Z4eGSH; i-72h2c4CqR4dcDaG6HR3mAB; i-V7NiAeWY2Xibey7Z9PGYKr; i-7k8zFFY69k9DVxZJwLskxW
https://github.com/swerik-project/riksdagen-motions/blob/main/data/1947/mot-1947--fk--00094.xml,i-QXLMYc7as75PMkwgVjSGm; i-7NJGhWZzuhPwCAawWis5wT
https://github.com/swerik-project/riksdagen-motions/blob/main/data/1947/mot-1947--fk--00197.xml,i-7NJGhWZzuhPwCAawWis5wT; i-TaW174KWoVEkH4KpnMRVNc; i-F9qq7Mc97xQJVDuazrU4kA; i-f4u5Yi8ZSYc6qWukd6X6t
https://github.com/swerik-project/riksdagen-motions/blob/main/data/1948/mot-1948--ak--00077.xml,i-YC9ASb3D4X3HArthruK9Yt; i-EcTyixp6xZjny5gSkGGShK; i-Ww6YauTo4CWyVs9d39mFxt
https://github.com/swerik-project/riksdagen-motions/blob/main/data/1948/mot-1948--ak--00209.xml,i-SarBm3kgakASnaHyEe9Rba; i-Rv9aHnFJh2azV9pZTjG2yC; i-Dhr3fepGLYhSnsGQouLwQy
https://github.com/swerik-project/riksdagen-motions/blob/main/data/1948/mot-1948--fk--00397.xml,i-6KvxK6SncpZo1RKRgaD1yQ
https://github.com/swerik-project/riksdagen-motions/blob/main/data/1949/mot-1949--ak--00353.xml,i-KibauNu6CSDswgonTZCuVD
https://github.com/swerik-project/riksdagen-motions/blob/main/data/1949/mot-1949--fk--00111.xml,i-E9aScmhjijhnqjzEW3KgLJ; i-JYrP81br94CzALKBPuUgFA; i-6GsafLogg26vz1fwk1RD5X; i-Nv3mVEtdkyLKd6ob3bcAA1; i-LASmHrbJnU6cgbkm7wkovE; i-FNvUq6siEkjKMWmKLJgUz1; i-HCwEBLHjvaPyUHpWDFDcMz; i-Ry79up6brcPYr8wj2XgxHz; i-FooDdbstXg6Pqwp431p9Bu; i-S8aCynzawb1F4NqNExnsVg; i-KyDG5utQmSAidq3exNCrZk; i-BytdFfh3YuhnvkuEUjKtkY; i-Ww8VV8hxCYiEXY5qDTZs5Z
https://github.com/swerik-project/riksdagen-motions/blob/main/data/1949/mot-1949--fk--00164.xml,i-LbaEcYWYkiCp7BbTis658r; i-LJhRkyGqGFgicSSzZPbftJ
https://github.com/swerik-project/riksdagen-motions/blob/main/data/1950/mot-1950--ak--00312.xml,i-NBpwJayKpXu4u1Uu87zKT1; i-AM9FiHBfEfHmx9V5MLBTSB; i-CYQXMbTJsLyt2Dt3gwbE3g; i-184mh7uhT7D8tGsavsHbSJ; i-HdDQYxRiHYqcNA8if825dE; i-QLRfUBaY66hqqMHQpis9sH; i-UbdkaWThBLeb83tF5THaPC; i-F8bSD7JcePAy5c3DWYPLRs; i-CHK4pmDUSNrTx9whg8Wpnu; i-AsKctAWx6ZcmMUPi7YHKuw
https://github.com/swerik-project/riksdagen-motions/blob/main/data/1950/mot-1950--fk--00428.xml,i-Ry79up6brcPYr8wj2XgxHz; i-LASmHrbJnU6cgbkm7wkovE; i-EaZnKH6pxHCkXzigK6A5oV; i-XxxhK5cXr2wqWtUSsWnphS
https://github.com/swerik-project/riksdagen-motions/blob/main/data/1950/mot-1950-höst-ak--00633.xml,i-riJfB4CgvG9jt4652TdCv; i-7QhuQTC8jPCEX5sKzLmV8S; i-AUCKptBWsFh38KS56FBcnz
https://github.com/swerik-project/riksdagen-motions/blob/main/data/1951/mot-1951--ak--00225.xml,i-PxJkAua7y2xMDdFhtkakAi; i-TW2v8kvC9bB35Jx86j8aCC
https://github.com/swerik-project/riksdagen-motions/blob/main/data/1951/mot-1951--fk--00167.xml,i-FNvUq6siEkjKMWmKLJgUz1; i-XxxhK5cXr2wqWtUSsWnphS
https://github.com/swerik-project/riksdagen-motions/blob/main/data/1951/mot-1951--fk--00395.xml,i-ERZdkAwWUNZZFepETj5sb1; i-Qc2sE2YiifAJrwAnDQvtyx; i-xxDJ3V22cfahN9u2e4ZdP
https://github.com/swerik-project/riksdagen-motions/blob/main/data/1952/mot-1952--ak--00551.xml,i-2gvrXtH5sAT9PgXsCVpQSW; i-5QJsEUravEgVPFV6wHts4r; i-VXG8kMCZePBb7hdhGDDpqG; i-S9dMiL9yRpDaYPfVGjK1Gp; i-6qNV5dntxbsrdQyVsjxWoW; i-Bwox3EjKfvDRkzWdd46vzA; i-TgGh4sLEipttrpG4XAgn6h; i-RkvKy7yomEBZCYRG5fCKH3
https://github.com/swerik-project/riksdagen-motions/blob/main/data/1952/mot-1952--fk--00180.xml,i-L31knc1H7Q8uzLgTZoFx7A
https://github.com/swerik-project/riksdagen-motions/blob/main/data/1952/mot-1952--fk--00418.xml,i-L31knc1H7Q8uzLgTZoFx7A; i-N3Cf1Ve5VxLftgWsSxB1Sm
https://github.com/swerik-project/riksdagen-motions/blob/main/data/1953/mot-1953--ak--00352.xml,i-WJt9CvN6go2ndHjsmuUcHK; i-JgRYTBR82A6fZXYWrDDTJv
https://github.com/swerik-project/riksdagen-motions/blob/main/data/1953/mot-1953--fk--00389.xml,i-8SEmi1JqbwCoJ1VPeGoz48; i-4trrwMgaaYgdfEZaeP8LTR
https://github.com/swerik-project/riksdagen-motions/blob/main/data/1953/mot-1953--fk--00465.xml,i-86UCJVshbB61vRjLxQjFvP; i-GkRjiqpt3WtaJqbS42DPxm
https://github.com/swerik-project/riksdagen-motions/blob/main/data/1954/mot-1954--ak--00003.xml,i-LhYyN2c3mQaesyUNSPg5Uq; i-8kujzKNAxDYBBz7N5bgmjC
https://github.com/swerik-project/riksdagen-motions/blob/main/data/1954/mot-1954--ak--00118.xml,i-9csrSsTp3kPVAcfCYPLzkX; i-XjJSAF3ZesohNnEDqUn3Eo; i-Cgjpze7tVXfB3avYEk3Fuj; i-184mh7uhT7D8tGsavsHbSJ; i-EuDLsjc6kknhMzPB1UFjeq; i-TDRZedtxwSUsCqxKHfb7My; i-XD5q9S6mMdHF4YeAdX1eSp; i-5YjySGNGBDgJddfFWCCv5Z; i-oWcw76s14AfREuSzMW7Ni; i-YFcDgybBxXNA8FKegvjZyV; i-6PeNM1B9NsCjyScL117vps; i-Q5eDvEJRU74CUef88BpzKH; i-YEp8x3e1ZbGQFgCKjosuij
https://github.com/swerik-project/riksdagen-motions/blob/main/data/1954/mot-1954--fk--00372.xml,i-CuDS8imLC9tVmMZFNCATkP
https://github.com/swerik-project/riksdagen-motions/blob/main/data/1955/mot-1955--ak--00300.xml,i-BoL9XYAnLchxuCqnC95mXX; i-2gvrXtH5sAT9PgXsCVpQSW
https://github.com/swerik-project/riksdagen-motions/blob/main/data/1955/mot-1955--ak--00472.xml,i-QyngumBRLxrQwrS7tZ63zu; i-P8dcb8BV3PnFDCLJ87ZfqB
https://github.com/swerik-project/riksdagen-motions/blob/main/data/1955/mot-1955--fk--00249.xml,i-BZLHYUpd3pecPJhafTWcP
https://github.com/swerik-project/riksdagen-motions/blob/main/data/1956/mot-1956--fk--00001.xml,i-HGZVFFPEcK5naSxY9nQj5C; i-xuJ3YV4MkJQZgGM1nEsZP; i-2uUNwmjsyRbGEqGQmTMGoq
https://github.com/swerik-project/riksdagen-motions/blob/main/data/1956/mot-1956--fk--00250.xml,i-Pka4CXHW3YtrSzJvu8F17s
https://github.com/swerik-project/riksdagen-motions/blob/main/data/1956/mot-1956-höst-fk--00625.xml,i-mNZQ3wQBgCkkcFfgCUwyT; i-FoZGPWdjE7CaiMyuRthV17
https://github.com/swerik-project/riksdagen-motions/blob/main/data/1957/mot-1957--ak--00502.xml,i-AEuL1tZkLG8yisHEPTUMjg; i-Qz4kjjKSzCm5RwSxi2vkro; i-TDRZedtxwSUsCqxKHfb7My; i-4N2H4JtSVXb7vKfkkSFwth
https://github.com/swerik-project/riksdagen-motions/blob/main/data/1957/mot-1957--fk--00153.xml,i-HSVLs9EuZHSqQ2QS5VoFwi; i-WohT7ca1a7EZGHQCA6XaLU
https://github.com/swerik-project/riksdagen-motions/blob/main/data/1957/mot-1957--fk--00415.xml,i-VXG8kMCZePBb7hdhGDDpqG; i-N9AjjY11HAeYEZv7pS9mmC
https://github.com/swerik-project/riksdagen-motions/blob/main/data/1958/mot-1958-b-ak--00002.xml,i-TDRZedtxwSUsCqxKHfb7My
https://github.com/swerik-project/riksdagen-motions/blob/main/data/1958/mot-1958-b-ak--00179.xml,i-Asq7NRpmkGRyqdnCrfGpjH; i-CEfqbpA8oaZDiGioappJrM
https://github.com/swerik-project/riksdagen-motions/blob/main/data/1958/mot-1958-b-fk--00164.xml,i-XxxhK5cXr2wqWtUSsWnphS; i-4YQFYCZptEWZxiREjfJbJ6; i-FooDdbstXg6Pqwp431p9Bu; i-Lr6SgKhYd2CyYMfVp5ZboP
https://github.com/swerik-project/riksdagen-motions/blob/main/data/1959/mot-1959--ak--00122.xml,i-XXihiNpmHWiiceHXeDfC69
https://github.com/swerik-project/riksdagen-motions/blob/main/data/1959/mot-1959--ak--00473.xml,i-44swHubmDpgCef21m1ga7y; i-Kv4hUGrgspgE3ZEpZrgHtZ
https://github.com/swerik-project/riksdagen-motions/blob/main/data/1959/mot-1959-höst-ak--00708.xml,i-BqDGKscaLhUZHhaFFmx5pf; i-W7utyZVptwNBqUURdBKkmv; i-BtszRKWKgFfiTcr2r2Ek6j; i-AyzArf9ikS7ACDJkk6G8q3
https://github.com/swerik-project/riksdagen-motions/blob/main/data/1960/mot-1960--ak--00448.xml,i-CkprnrTz3hpNREdKrcoiAi; i-FoZGPWdjE7CaiMyuRthV17
https://github.com/swerik-project/riksdagen-motions/blob/main/data/1960/mot-1960--ak--00726.xml,i-7AdEUptmDDBeNmgpp22aZb; i-Q8GqdC3JjTLrmBKfpHpnPQ; i-4N2H4JtSVXb7vKfkkSFwth; i-5jrk8rbBrvMVJRgQBQ5joP
https://github.com/swerik-project/riksdagen-motions/blob/main/data/1960/mot-1960--fk--00415.xml,i-LqZVb6hLZp6CQ14f85xa4x; i-BjeM1Hsbrf8mM7JBLXtGFk; i-AeRihY4YpUHoYMdpRJ5j33; i-PHRNhFwHoTM7WGoisPA8cq
https://github.com/swerik-project/riksdagen-motions/blob/main/data/1961/mot-1961--ak--00594.xml,i-2mWi9vtkPfa94zF2iziK1h
https://github.com/swerik-project/riksdagen-motions/blob/main/data/1961/mot-1961--fk--00181.xml,i-76SNFscuEcje1Vek94C3va; i-DZnFKHRVhVQYnGq7dU8UeP; i-Lr6SgKhYd2CyYMfVp5ZboP; i-EUDRv3EqvNVr8K5AXzVcTU;i-CbLt4jaPJd5mKjDaGXr293
https://github.com/swerik-project/riksdagen-motions/blob/main/data/1961/mot-1961--fk--00666.xml,i-BuoQWnUhmgcCdqGHDfNkww; i-5KLtedUJBbVCX1RZM32Fhq
https://github.com/swerik-project/riksdagen-motions/blob/main/data/1962/mot-1962--ak--00004.xml,i-Af27F1xYCu7PKfDmUgU7Xb
https://github.com/swerik-project/riksdagen-motions/blob/main/data/1962/mot-1962--ak--00494.xml,i-UgwyXZW5Y9UVnaeQC5yZU8; i-QXiGidLhFr3yVPmDxRSa4h
https://github.com/swerik-project/riksdagen-motions/blob/main/data/1962/mot-1962--fk--00070.xml,i-DjzMK2q4HBp8SxyHxFkXFq; i-XnQDSX294nH3szRa45nm6F; i-DuMmQVGSnykDcj8ZwohCuA; i-M4wHZVugBn9h9Kg9ELiKnA
https://github.com/swerik-project/riksdagen-motions/blob/main/data/1963/mot-1963--ak--00124.xml,i-9MFHjq6CgKrRzcV8mJqNJd; i-3R2qbKpVQbNv7BvXe7jvcr; i-9pniEQjQ1nuD311D7jnQjy; i-DeMcYgqj88271pG5nHrmLT
https://github.com/swerik-project/riksdagen-motions/blob/main/data/1963/mot-1963--fk--00282.xml,i-8V9rz1DAk7BXrD9Xd2WbaB; i-Lr6SgKhYd2CyYMfVp5ZboP; i-AFKRuqw65ewVGnDdU6pKeD
https://github.com/swerik-project/riksdagen-motions/blob/main/data/1963/mot-1963--fk--00548.xml,i-QW3U8q9gqCreU8hvXKjp44
https://github.com/swerik-project/riksdagen-motions/blob/main/data/1964/mot-1964--ak--00050.xml,i-FiisfXYQcUpGymcboYQpoF; i-GPYC16egTa8Yn3wguN6WLg; i-9Y4xyA9x1QxKAxWcTDiJ57; i-M4NwryA2HF7uey8djEDX9X
https://github.com/swerik-project/riksdagen-motions/blob/main/data/1964/mot-1964--fk--00576.xml,i-XxxhK5cXr2wqWtUSsWnphS; i-Lr6SgKhYd2CyYMfVp5ZboP; i-XnAJTZxq8aH1QaVGLczDrb; i-DuMmQVGSnykDcj8ZwohCuA
https://github.com/swerik-project/riksdagen-motions/blob/main/data/1964/mot-1964--fk--00824.xml,i-Uu3ii7QQsF5DRLG8s64oZ8; i-Ya2sXBkHdvFiAX2aAMCu84
https://github.com/swerik-project/riksdagen-motions/blob/main/data/1965/mot-1965--ak--00891.xml,i-KY2qFJXpwf6GTtVoW7mKo8; i-E9aScmhjijhnqjzEW3KgLJ; i-JzFnmTZvh2HBnWRxpGWm5p; i-McqtqKBwTgYornj9cNC5hS; i-BHdk6r4gSueHaCjF4xQ9BW
https://github.com/swerik-project/riksdagen-motions/blob/main/data/1965/mot-1965--fk--00396.xml,i-2vSoREUgDMM9du3oZhTyJR; i-JJbUecmn3MSCSN2PV2BVLq; i-8V9rz1DAk7BXrD9Xd2WbaB
https://github.com/swerik-project/riksdagen-motions/blob/main/data/1965/mot-1965--fk--00616.xml,i-Enw1KHymm14HvZLXai5pNR; i-JJbUecmn3MSCSN2PV2BVLq
https://github.com/swerik-project/riksdagen-motions/blob/main/data/1966/mot-1966--ak--00894.xml,i-M4NwryA2HF7uey8djEDX9X; i-FREGKa9PtXVgWChpGg3rFi
https://github.com/swerik-project/riksdagen-motions/blob/main/data/1966/mot-1966--fk--00014.xml,i-DYgzAT37kBVShgAsK7YzHQ; i-XbPNTXJL74ynfThk9DM7o9; i-Nn2dRsVQuZeCCPQApM5Pkz
https://github.com/swerik-project/riksdagen-motions/blob/main/data/1966/mot-1966--fk--00298.xml,i-PUU7m4zHNmgsoCo9JZxuNX
https://github.com/swerik-project/riksdagen-motions/blob/main/data/1967/mot-1967--ak--00139.xml,i-7d3TRxM4EXGPcH4Nyst5jR; i-BbiLJyQjTgGoxdGRDLvnDo; i-2mWi9vtkPfa94zF2iziK1h; i-9Y4xyA9x1QxKAxWcTDiJ57
https://github.com/swerik-project/riksdagen-motions/blob/main/data/1967/mot-1967--ak--00651.xml,i-BFoXCgys28ckfAVNL5WTAG; i-3QAhVH5wpKkQj8omxN4FJe; i-6sbVRZAYRDNeiVS9WQSU1e; i-3cLfVTHjxTNrH9Grf4J5np; 
https://github.com/swerik-project/riksdagen-motions/blob/main/data/1967/mot-1967--ak--00704.xml,i-Af27F1xYCu7PKfDmUgU7Xb; i-BTQHo9TKPt4psovBo1HK4X; i-ATcwa3wSYttW59H6uu1PFg
https://github.com/swerik-project/riksdagen-motions/blob/main/data/1968/mot-1968--ak--00070.xml,i-9C6mLQs4QzU7geZ2uSMUpe; i-5iDHhEyrDtZjVWxHXocqWy; i-VWPdkB4dCgnBm489RG7Nc4; i-2H8FgkqFXcNpmFeBm6LxiU; i-7dXgNidaggTRBb3qPDta9j; i-QskpWd4ZmmJt8AesZ4pf8K
https://github.com/swerik-project/riksdagen-motions/blob/main/data/1968/mot-1968--fk--00140.xml,i-4UgQ2nJDsz9iU1xxKcTpmu; i-FcSHwyiPoR4KQVGMkW2y5K
https://github.com/swerik-project/riksdagen-motions/blob/main/data/1968/mot-1968--fk--00735.xml,i-DjzMK2q4HBp8SxyHxFkXFq; i-Lr6SgKhYd2CyYMfVp5ZboP; i-S9zAqkxFcyEpCQ17ZA2QJ8
https://github.com/swerik-project/riksdagen-motions/blob/main/data/1969/mot-1969--ak--00240.xml,i-UgwyXZW5Y9UVnaeQC5yZU8; i-X5irVMYi38e9gismX36fph
https://github.com/swerik-project/riksdagen-motions/blob/main/data/1969/mot-1969--ak--00485.xml,i-CQtoxcCx8s7hYkzafGerhR; i-S3eg8HSy1B2AEamregH9dM; 
https://github.com/swerik-project/riksdagen-motions/blob/main/data/1969/mot-1969--fk--00511.xml,i-VvrKWHvS5YC9avJn4Jcoqj; i-2eSXk1Vkv7uy5sKwa29vbf; i-Fc95WfULHTRVFGndMbh1qx; i-KVp9dph1ZssnqUAC7MH6d3; i-UCYvi6iBMAeLh1SyARGC1i
https://github.com/swerik-project/riksdagen-motions/blob/main/data/1970/mot-1970--ak--00551.xml,i-QUqUmVazVZYgkmCXgYjZgs; i-Asq7NRpmkGRyqdnCrfGpjH; i-YbgaAY79FADF32ty9BkkW; i-PrsCQ5b3apVhb1mY1YWbbp; i-HBefMTHdym5gJ3a1vqK6pr
https://github.com/swerik-project/riksdagen-motions/blob/main/data/1970/mot-1970--ak--00570.xml,i-3DJzbhf3kpR3QgMGxxJp5p
https://github.com/swerik-project/riksdagen-motions/blob/main/data/1970/mot-1970--ak--01072.xml,i-4uJEFdvmwfbMmozZhv5XDY
https://github.com/swerik-project/riksdagen-motions/blob/main/data/1971/mot-1971--01121.xml,i-S9emfaxXsmAywnkewYKSJ7; i-7CXHDen9y2qKcYDisT3zjQ; i-4ArLZazBX4fxunitZvs7oe
https://github.com/swerik-project/riksdagen-motions/blob/main/data/1971/mot-1971--01175.xml,i-2vSoREUgDMM9du3oZhTyJR; i-HdmXapeTq3DFBQub8j1ccm; i-81PQrPhnDLAmM1hjWyXu84; i-AMWvsAmfXhcB7kDsWLx8qY; i-Hu7hKPMf4mxcMxbTcp28NL; i-N3aYKF4kBnV2748MhAsbdj; i-MKtRRcpTpEb8T45YVQN8TW; i-Ki8BXCebma4Cx5CBFDs2LW
https://github.com/swerik-project/riksdagen-motions/blob/main/data/1971/mot-1971--01436.xml,i-Nu7SXhznjuZtFudgGtuJU; i-5aLm2cJRWeExysRXuewS8Y; i-MKtRRcpTpEb8T45YVQN8TW; i-4RXtdePQij5UMYC7P4zsCe; i-Bx9fbNBh4ybH7H2kWavRdb; RUNE RYDÉN
https://github.com/swerik-project/riksdagen-motions/blob/main/data/1972/mot-1972--00770.xml,i-5kU1NDcAEm4A68amDSrbNF; i-APdYmA6gEZ5MaLN6tJK7ae; i-BRbSgB6kTjTGkYknyWRHHb; 
https://github.com/swerik-project/riksdagen-motions/blob/main/data/1972/mot-1972--01545.xml,i-BTQHo9TKPt4psovBo1HK4X; i-8hxDNLW9NgYYqBHg8RCZcj; i-FoZGPWdjE7CaiMyuRthV17; 
https://github.com/swerik-project/riksdagen-motions/blob/main/data/1972/mot-1972--01698.xml,i-Af27F1xYCu7PKfDmUgU7Xb; i-CA3pFyLdFtkVneaXbdnyV4
https://github.com/swerik-project/riksdagen-motions/blob/main/data/1973/mot-1973--00268.xml,i-HkRfm34QRnYJtBXctyaMk; i-TkQYUfaqKqtshh9bgzavdb; i-NnnjpbjTFUH5mHJLVXoKZ1; i-TLnEcKgBYha1pdFTVEbAvk; i-MJi2EpNpLStR2Rke7Db78j; i-UcWQ1kahuDDDAVPWeSNvC7; i-FPpfM5ZVv1R5M45zNkpLUZ; i-6V941ptYoLBrpqJyJPSEbT
https://github.com/swerik-project/riksdagen-motions/blob/main/data/1973/mot-1973--01680.xml,i-N4EAtthRAnrRUx2M5559AH
https://github.com/swerik-project/riksdagen-motions/blob/main/data/1973/mot-1973--02004.xml,i-Qz4kjjKSzCm5RwSxi2vkro; i-DYgzAT37kBVShgAsK7YzHQ; i-Fs9KpZYHZp1uu9ioJZkH5D; i-6PeNM1B9NsCjyScL117vps; i-Hu7hKPMf4mxcMxbTcp28NL; i-QXiGidLhFr3yVPmDxRSa4h; i-QoeFZWNQgLDU6t6B6RuPtd; i-X1ToJn6x8wK4Am2pyYt2KG; i-8aNTXCV4f9MdU7Dz15ZXyB; i-GNWd5uE9fySggzZr5teCwt; i-MHvgjmzw3jqPLk3AHQUFKw; i-3ChvFB2zr9iHy1ZRMn1Ban; i-BtQ4ubBXfEg4xPiwpPM4Vt; i-9pZ6GzfD2R22bxSydJmuYz
https://github.com/swerik-project/riksdagen-motions/blob/main/data/1974/mot-1974--00804.xml,i-PjjxQYR5UbxSEEqwa2s5mr; i-Lb6TJhMAdirNrTer6HSGyJ; i-EaiobhkKSCFjVoGi3uyvzx
https://github.com/swerik-project/riksdagen-motions/blob/main/data/1974/mot-1974--01552.xml,i-NLBMxEvbLF63U4eqdbsfQX; i-3sd3coveTcEfybUorJpXWf; i-TRnXjwqZqTJWcuZekA2f4r; i-T3zCzvNQPV4UWoYeoSQzvf
https://github.com/swerik-project/riksdagen-motions/blob/main/data/1974/mot-1974--01947.xml,i-TihcZVivd1iNxtjFf2UaF4; i-Af27F1xYCu7PKfDmUgU7Xb
https://github.com/swerik-project/riksdagen-motions/blob/main/data/1975/mot-1975--00190.xml,i-TihcZVivd1iNxtjFf2UaF4; i-Af27F1xYCu7PKfDmUgU7Xb
https://github.com/swerik-project/riksdagen-motions/blob/main/data/1975/mot-1975--01446.xml,i-jfPyBgwNkgJP6agUZAarG; i-9FZ4w8Hg49p7i94HbueNCk; i-QD529ywv2NxNf9n1Uh7cuj
https://github.com/swerik-project/riksdagen-motions/blob/main/data/1975/mot-1975--01730.xml,i-RdtwPwmDryD4dZ2sTKd25K; i-BTQHo9TKPt4psovBo1HK4X
https://github.com/swerik-project/riksdagen-motions/blob/main/data/197576/mot-197576--00169.xml,i-LQTx4BWNjAEb1St9L8qUio
https://github.com/swerik-project/riksdagen-motions/blob/main/data/197576/mot-197576--00172.xml,i-E7dNofGGgvG7ZPBxoj8tgD; i-Xzs7rTBPiVT3KgfuoVSczD; 
https://github.com/swerik-project/riksdagen-motions/blob/main/data/197576/mot-197576--00669.xml,i-VqxvDoNrnRUu1E5d5ifxHG; i-PEJ1DBMnG7sGMU8qh8QjnF; i-FPpfM5ZVv1R5M45zNkpLUZ; i-N7WL5aLLwEPfYa71gsUxQx; i-9Ar1jXVCdxuLG4j6W3svGu; i-33j82x79hSx7judsWb3pjW
https://github.com/swerik-project/riksdagen-motions/blob/main/data/197677/mot-197677--00446.xml,i-XxSUJNBQZpQS5T2Uu3jzYP; i-GCJVTREcJGRyYmFdeMbNaN; i-6UrnZSyhA8En3ghbWrejVN; i-9C6mLQs4QzU7geZ2uSMUpe
https://github.com/swerik-project/riksdagen-motions/blob/main/data/197677/mot-197677--00580.xml,i-M5bH1LxYTuWEQR2jm6YTKq
https://github.com/swerik-project/riksdagen-motions/blob/main/data/197677/mot-197677--01174.xml,i-UTp2h4U19YnGkWT1oeLekG; i-Gcjbk3nJyjWXPaa2dm3MFR
https://github.com/swerik-project/riksdagen-motions/blob/main/data/197778/mot-197778--01194.xml,i-BZDMLaDZjTMLecbbyhYS3t; i-GCJVTREcJGRyYmFdeMbNaN; i-BDUhpvcffbkaomdPDBeK8T; i-Lkg3MQXCDMYPsbxniPuAxt; i-23owrgiLSgQRynhwKe5Tja; i-7gSKVFq5GsgutoVdRQPtCt; i-TRnXjwqZqTJWcuZekA2f4r; i-SQty3xFzeq6gqZzUtKRbW9; i-BAQZQCwvaeCDiXjeD54AnV; i-75iw9fVLnLtbGpLEsLFMc2; i-RvSFfZMiX66J8kUq7BXdHW
https://github.com/swerik-project/riksdagen-motions/blob/main/data/197778/mot-197778--01674.xml,i-RtRinU34czWQjxgzEgDUNH; i-YUKjmPPD3LmjeCPdQWkuEh
https://github.com/swerik-project/riksdagen-motions/blob/main/data/197778/mot-197778--01680.xml,i-QQjz7bn6czWU6491kCicK9; i-Lb6TJhMAdirNrTer6HSGyJ; i-FhdnsbdSgKWks7yKVAW7kg; i-SQtu6e17zrLCR9EnUwqy7A; i-V193Sbzem4fs1MBp32cuww; i-2vSoREUgDMM9du3oZhTyJR
https://github.com/swerik-project/riksdagen-motions/blob/main/data/197879/mot-197879--00184.xml,i-91SAXsUbmLaUj8YfQKHZ1n; i-RxkptNoJYi3BWpTneSNTUn; i-XHKe7WYPsP3rxDit2742Tq; i-EaiobhkKSCFjVoGi3uyvzx; i-3fAnC8TbAVjy9BhJnxfPUh; i-DYxXbC2LXzL11J2rHdExZh; i-BkQoi6KA1EKK9EEJhT16Cz; i-F6Qp4bx3aMVLN2vuCyMK7D; i-GLHYq1jMQHCT1zXejYWV8x; i-5WchbRYCVdXodSthFK381D
https://github.com/swerik-project/riksdagen-motions/blob/main/data/197879/mot-197879--01098.xml,i-F1RwJxotHWwBitEw9rLdhZ; i-95F4sSt2W2tyXAwECzMBoc; i-5YySnUaCpS54wJxVp1X9Q4; i-NnpKv1jQ35nEzhxytcGTFh
https://github.com/swerik-project/riksdagen-motions/blob/main/data/197879/mot-197879--01699.xml,i-3zzz13sYF8R3yasCzbSJXe; i-4i5vpDVzDizjgGeYkeoK2E
https://github.com/swerik-project/riksdagen-motions/blob/main/data/197980/mot-197980--00440.xml,i-95F4sSt2W2tyXAwECzMBoc; i-75bBbpHe89LN2m6ZuVzDBd
https://github.com/swerik-project/riksdagen-motions/blob/main/data/197980/mot-197980--01403.xml,i-GoPG5SYP7B72kfnF4EmN5b; i-YS9jLL6vCryxfu1nM5TvKU; i-5hHoKgY9U8EHo4DUzCAUEj; i-DYxXbC2LXzL11J2rHdExZh; i-Ac9yxy2x5ktJ5wzveXCsFQ
https://github.com/swerik-project/riksdagen-motions/blob/main/data/197980/mot-197980--01667.xml,i-BkQoi6KA1EKK9EEJhT16Cz; i-3fAnC8TbAVjy9BhJnxfPUh; i-N7WL5aLLwEPfYa71gsUxQx; i-B1QAmZ6hd8iYYbZ4y9ee12; i-GLHYq1jMQHCT1zXejYWV8x; i-FpwNz9bjmeyh23RqtLzYMg; i-V193Sbzem4fs1MBp32cuww
https://github.com/swerik-project/riksdagen-motions/blob/main/data/198081/mot-198081--00047.xml,i-VYTD8M9CfGigSH3YKEqEEz; i-PQWJzhaevKGbSNtPqoUeSA; i-9P9pMwjrnX38LhidwctarW; i-Un2MPRTWRPWQ7aGPA42b56; i-4zgkigyuo3a2meU92gcyAk; i-AnrRW8P2FoZPwmfbQGBp8u; i-6TjCaZscDfHaRCMjT3p2wD; i-9JsxBiraiBoy2MDeoaZACy; i-3kAjBmVsLrV8XDTkSBhmB8; i-HGfALYBg5SLYb8z1er3XK1; i-4sZMUTZ58TFSSwfWoaTdDi; i-TtvHecYGhXDKbncEMyzhpQ; i-7Uv5b4af4nUb3NuFk7J8yJ; i-6V941ptYoLBrpqJyJPSEbT
https://github.com/swerik-project/riksdagen-motions/blob/main/data/198081/mot-198081--01117.xml,i-NnpKv1jQ35nEzhxytcGTFh; i-A8ft8hMHUcZDSE5fKdjGpq
https://github.com/swerik-project/riksdagen-motions/blob/main/data/198081/mot-198081--01563.xml,i-VYTD8M9CfGigSH3YKEqEEz; i-PQWJzhaevKGbSNtPqoUeSA; i-9P9pMwjrnX38LhidwctarW; i-Un2MPRTWRPWQ7aGPA42b56; i-4zgkigyuo3a2meU92gcyAk; i-AnrRW8P2FoZPwmfbQGBp8u; i-6TjCaZscDfHaRCMjT3p2wD; i-9JsxBiraiBoy2MDeoaZACy; i-3kAjBmVsLrV8XDTkSBhmB8; i-HGfALYBg5SLYb8z1er3XK1; i-4sZMUTZ58TFSSwfWoaTdDi; i-TtvHecYGhXDKbncEMyzhpQ; i-7Uv5b4af4nUb3NuFk7J8yJ; i-6V941ptYoLBrpqJyJPSEbT
https://github.com/swerik-project/riksdagen-motions/blob/main/data/198182/mot-198182--00505.xml,i-7pth3hroNEXFT34XUAtauT
https://github.com/swerik-project/riksdagen-motions/blob/main/data/198182/mot-198182--01603.xml,i-5wPAQ1MDLRTsW1XngYcD46; i-8743Lhyk8SSNk8Ne84jigz; i-FiisfXYQcUpGymcboYQpoF; i-CMGiiZNVocLdbkuKqXgWTG; i-QRDnfz9zaiXo7A1SpAi1dM; i-RPvXiWoVbPvNZBh8bxVvbB; i-EQSJnvt3y9r5wULtNbkTNu
https://github.com/swerik-project/riksdagen-motions/blob/main/data/198182/mot-198182--02199.xml,i-2qMAGUo6yhpbSovQ2eHBVE; i-6QRx949PBJjaHhLd5Kfks8
https://github.com/swerik-project/riksdagen-motions/blob/main/data/198283/mot-198283--00924.xml,i-VtWQs1mfimPMyjw5HVXR4i; i-UqzvPHFEErHnSFsyUmhr5K; i-GaozvGLNGCb9Vstyp2PrQH; i-69mwhd5mHwANDzJTPX7jwr; i-EVpotEKqaW9CiU6NxacCQV
https://github.com/swerik-project/riksdagen-motions/blob/main/data/198283/mot-198283--01923.xml,i-3uaN5fvSUmBMXgqnzrb6Yb; i-Ay6zrjzeNnZpMAPRBGZ8tC; i-VvqVwyrQgUiYjtEt3CpQcM; i-WtVUiHZh5LgiVdShZaxhhB; i-RULC5JA5WV3y9ZKs31VLzx; i-3fAnC8TbAVjy9BhJnxfPUh; i-B1QAmZ6hd8iYYbZ4y9ee12; i-GcretNrb4CSsqYkgqQqowA; i-AZnaWEAg22YQ3HzVMfNSHR
https://github.com/swerik-project/riksdagen-motions/blob/main/data/198283/mot-198283--01943.xml,i-N6NqRjrNpzybfJmYWdhfdW; i-UmGHrbipY4e5SAGvddBkzr
https://github.com/swerik-project/riksdagen-motions/blob/main/data/198384/mot-198384--00505.xml,i-FTkwAMo13hmDoeXLXEV1N; i-HF1be62hHhvaXoZiyUz2HF; i-QRDnfz9zaiXo7A1SpAi1dM
https://github.com/swerik-project/riksdagen-motions/blob/main/data/198384/mot-198384--00669.xml,i-F8Q1QN8EmRLzQz9iUe6zgL; i-EpDNYovHuTxUaBfQe7k5xH; i-YbgaAY79FADF32ty9BkkW; i-NgcEAjjDpm3FVNBxiWvS8X; i-Dqwk6WRPNzjzwmqmA18xc1
https://github.com/swerik-project/riksdagen-motions/blob/main/data/198384/mot-198384--02866.xml,i-5sxzSZSUx9KLqvREcwz58f
https://github.com/swerik-project/riksdagen-motions/blob/main/data/198485/mot-198485--01049.xml,i-HF1be62hHhvaXoZiyUz2HF
https://github.com/swerik-project/riksdagen-motions/blob/main/data/198485/mot-198485--01945.xml,i-5wPAQ1MDLRTsW1XngYcD46; i-QRDnfz9zaiXo7A1SpAi1dM; i-CMGiiZNVocLdbkuKqXgWTG; i-FiisfXYQcUpGymcboYQpoF; i-RPvXiWoVbPvNZBh8bxVvbB; i-EQSJnvt3y9r5wULtNbkTNu; i-5q7m7rZyufN9RHaGjB6GHh
https://github.com/swerik-project/riksdagen-motions/blob/main/data/198485/mot-198485--02227.xml,i-428Hjmwgi7AWPWkBr4Pecy; i-DDBp1Uv1xUyCgUST4Mk7Ub
https://github.com/swerik-project/riksdagen-motions/blob/main/data/198586/mot-198586--00181.xml,i-F6Qp4bx3aMVLN2vuCyMK7D; i-4i5vpDVzDizjgGeYkeoK2E; i-WqeECYtjggiM2pfNAKtUaz; i-BkQoi6KA1EKK9EEJhT16Cz; i-KFLLBh5CxVpZkUZaHy3pAz; i-9X2XYXPBTEhd3dVshQ4PFJ; i-Ahzryxd2b7naJSD37mfHNJ
https://github.com/swerik-project/riksdagen-motions/blob/main/data/198586/mot-198586--00580.xml,i-QhnsQ4XHA6EXWk4gj8dW77
https://github.com/swerik-project/riksdagen-motions/blob/main/data/198586/mot-198586-kru-00338.xml,i-3wLRiGfY1M7dyUZ4aGiwUV; i-CP1NFcCA4knd73wq3oaYZW; i-788GHtzSVWps3NNq8zFMiq; i-428Hjmwgi7AWPWkBr4Pecy; i-Hco5dtZYVczhhatjt4A2Ah; i-9pZ6GzfD2R22bxSydJmuYz; i-Wr6k6wHqCSCVpf8wAP1AEe; i-NLfT4RS4huMCGpWx1zB8Ag; i-P7oVLGoBfbz4RGE5XkQtLN; i-Gcjbk3nJyjWXPaa2dm3MFR; i-N6NqRjrNpzybfJmYWdhfdW; i-W4KsfSh6dCbjCcJdxiZwL
https://github.com/swerik-project/riksdagen-motions/blob/main/data/198687/mot-198687-KrU-00317.xml,i-WtVUiHZh5LgiVdShZaxhhB; i-d6dsey4EPVNLzi1U5nkWV; i-zC3ZtMw7pF7WxkXwbLkKZ; i-ENka9fRWC7HrGDQTU4F2ah; i-J66uUcstry6kTEhq3eK6EY; i-9msUCw725vKguNSQS4ikv4; i-2BYSzJNcUPXMLvmLd6pE34; i-McV8uzEvZdxJephaZbqN9X; i-DYxXbC2LXzL11J2rHdExZh; i-9ZfzFzDXHZKY5aBmYVFU3a; i-XReDscGERZf5yzSxFeceD3
https://github.com/swerik-project/riksdagen-motions/blob/main/data/198687/mot-198687-NU-00144.xml,i-WhyY4N88ajLQNt1Z2Z3z44; i-YRTvhFgkzgwVT9mYHw8btB; i-VXkZessNxc9eyPfvwLgWcK; i-EnY75k4BnjsRjmfLfQWBqT; i-9osx7gdXCsvHnf1J7JQnnY
https://github.com/swerik-project/riksdagen-motions/blob/main/data/198687/mot-198687-TU-00216.xml,i-4BfdTWABvwYtdUHg7su5aZ
https://github.com/swerik-project/riksdagen-motions/blob/main/data/198788/mot-198788-KrU-00264.xml,i-HK9qYnVFN9ozMjewUoj5Ya; i-CMGiiZNVocLdbkuKqXgWTG; i-U9We27C3x3JviFqbQPuj3d; i-VtWQs1mfimPMyjw5HVXR4i
https://github.com/swerik-project/riksdagen-motions/blob/main/data/198788/mot-198788-SoU-00426.xml,i-AZnaWEAg22YQ3HzVMfNSHR; i-QKH1DSWytvVGtUZkzdboRg; i-GvBe798bQfFYpnaboy7YCF; i-RxkptNoJYi3BWpTneSNTUn; i-FhdnsbdSgKWks7yKVAW7kg; i-4i5vpDVzDizjgGeYkeoK2E; i-PjjxQYR5UbxSEEqwa2s5mr; i-BkQoi6KA1EKK9EEJhT16Cz; i-N7WL5aLLwEPfYa71gsUxQx; i-8hxDNLW9NgYYqBHg8RCZcj; i-2BYSzJNcUPXMLvmLd6pE34; i-HpykFSDEKjFd3AQrjBW2xc; i-CQwK55qAkVUZt7PtiHxAxd
https://github.com/swerik-project/riksdagen-motions/blob/main/data/198788/mot-198788-UbU-00628.xml,i-9msUCw725vKguNSQS4ikv4
https://github.com/swerik-project/riksdagen-motions/blob/main/data/198889/mot-198889-KU-00815.xml,i-BTYdghU4EMq5Q5aBuDLzBK; i-Wr6k6wHqCSCVpf8wAP1AEe
https://github.com/swerik-project/riksdagen-motions/blob/main/data/198889/mot-198889-SfU-00519.xml,i-V193Sbzem4fs1MBp32cuww
https://github.com/swerik-project/riksdagen-motions/blob/main/data/198889/mot-198889-SkU-00328.xml,i-MYV5TtBU5tQGwqDu4dq25s; i-788GHtzSVWps3NNq8zFMiq; i-A8ft8hMHUcZDSE5fKdjGpq; i-DDBp1Uv1xUyCgUST4Mk7Ub; i-NgCTKqp2fs7ZtdGdg2MLiL; i-A2jgxgPRi11BxUsPb2uNmM; i-5FsdBgp7zC1W8jXSUkwwDq; i-5BAuoreWuHEDmfStAQQoco; i-Gcjbk3nJyjWXPaa2dm3MFR; i-GmSFH9fmi5xjm5ydcN6R1m; i-9J1gmLVJSnGBRMzrAVvtvR; i-P7oVLGoBfbz4RGE5XkQtLN
https://github.com/swerik-project/riksdagen-motions/blob/main/data/198990/mot-198990-KrU-00291.xml,i-RyQkgupNsiC7AWns9TVrZo
https://github.com/swerik-project/riksdagen-motions/blob/main/data/198990/mot-198990-NU-00483.xml,i-5wPAQ1MDLRTsW1XngYcD46; i-rrg9t2XUkHE4iAjAykgpb; i-GaozvGLNGCb9Vstyp2PrQH; i-HK9qYnVFN9ozMjewUoj5Ya; i-XxMRaKyWvbxm3uJmt8WBtZ; i-SZKUTdtCrCo58yNCQsH76; i-QRDnfz9zaiXo7A1SpAi1dM
https://github.com/swerik-project/riksdagen-motions/blob/main/data/198990/mot-198990-TU-00332.xml,i-NgCTKqp2fs7ZtdGdg2MLiL; i-BTYdghU4EMq5Q5aBuDLzBK
https://github.com/swerik-project/riksdagen-motions/blob/main/data/199091/mot-199091-KU-00219.xml,i-TX8UjKrUpUeZgE2dqKJCFc; i-GyYMjkDFkNwtQ7GJKMBnVE
https://github.com/swerik-project/riksdagen-motions/blob/main/data/199091/mot-199091-SoU-00096.xml,i-GTDxf4NudVQ4es4EhotQR1; i-5sxzSZSUx9KLqvREcwz58f; i-3uaN5fvSUmBMXgqnzrb6Yb; i-QG8fyctdjn6RWygZ2n5czv; i-9msUCw725vKguNSQS4ikv4; i-NXNY6RqNuERrrfDVTJBFkt; i-A16XHDHnpsSEskwvgsUhaw; i-KFLLBh5CxVpZkUZaHy3pAz; i-2BYSzJNcUPXMLvmLd6pE34; i-7EqnaA8N82a8e94n92Ucda; i-G7NrNFSEu4BWZ8cRNLg6iH; i-2CptAnTqxXA4LBXL7vK9gC; i-VKBXGHy4KWJbExz3QgCuVy; i-L9ZkLhYiYiW2jxjciAaRcV; i-QkoGcuWJuiryQZaTNFexi4; i-BkQoi6KA1EKK9EEJhT16Cz; i-V3cJeoPL42ScwovV1Zu9Ko
https://github.com/swerik-project/riksdagen-motions/blob/main/data/199091/mot-199091-TU-00547.xml,i-P8q9oyKjWzPdBEfQeD8Vwa; i-PTwgnmFQaFTXvr8SByLQzu; i-Cj9FYr3Q5sLFjM9zvEVNNE; i-A9wTTx74ViuquWXmgF5vjj
https://github.com/swerik-project/riksdagen-motions/blob/main/data/199192/mot-199192-BoU-00238.xml,i-5wPAQ1MDLRTsW1XngYcD46; i-QRDnfz9zaiXo7A1SpAi1dM; i-GGmRxJER6QaBgxG9DmW9Z9; i-5q7m7rZyufN9RHaGjB6GHh; i-QtJg9oNHiDkHLkgiCwmrBb; i-UTCSmzsY5HKuaoXinVtDS; i-Kytbd3WZfQeKTPffXjTEpk
https://github.com/swerik-project/riksdagen-motions/blob/main/data/199192/mot-199192-TU-00310.xml,i-2ggBvfkHRn3s8FvFEPLxjs; i-SJZr3KVaqohjfckH9Qag36; i-AQXTwzTQEJiySickVRFT1U; i-9GkZmWA6j3AXTPSkudVbZ
https://github.com/swerik-project/riksdagen-motions/blob/main/data/199192/mot-199192-UbU-00482.xml,i-8rgPqLrraP4U2Uu8wEKuJF
https://github.com/swerik-project/riksdagen-motions/blob/main/data/199293/mot-199293-TU-00205.xml,i-SfnrsjEZBg9vdQjkU5VSZ2; i-PvZh9Zhc6sdAt87Ng4CMcQ; i-g5oS8RSWuaximcHXWswPQ; i-KC7Pg8aEPmzzkGC8SbK2cS
https://github.com/swerik-project/riksdagen-motions/blob/main/data/199293/mot-199293-UU-00623.xml,i-QRDnfz9zaiXo7A1SpAi1dM; i-QCRg2KTsg7cQV6CGsVeAfY; i-rrg9t2XUkHE4iAjAykgpb; i-PTwgnmFQaFTXvr8SByLQzu; i-WvrkgGMVWbiVxVoPqgJuEF; i-5q7m7rZyufN9RHaGjB6GHh; i-LzYBGnvuhNHdQ7LQKPA6UJ
https://github.com/swerik-project/riksdagen-motions/blob/main/data/199293/mot-199293-UbU-00451.xml,i-6f3Eo6CncWk3zsxXn8Fyv8
https://github.com/swerik-project/riksdagen-motions/blob/main/data/199394/mot-199394-AU-00445.xml,i-QRDnfz9zaiXo7A1SpAi1dM; i-rrg9t2XUkHE4iAjAykgpb
https://github.com/swerik-project/riksdagen-motions/blob/main/data/199394/mot-199394-KrU-00297.xml,i-LvT4xzQrHUKrVDH5VNSL5s
https://github.com/swerik-project/riksdagen-motions/blob/main/data/199394/mot-199394-KrU-00306.xml,i-XazZeCYyyq3u8LSAmNahPt
https://github.com/swerik-project/riksdagen-motions/blob/main/data/199495/mot-199495-AU-00803.xml,i-LzYBGnvuhNHdQ7LQKPA6UJ; i-QCRg2KTsg7cQV6CGsVeAfY; i-6nbWfYQYwqJtM2XLoDTFkR; i-5q7m7rZyufN9RHaGjB6GHh; i-Kytbd3WZfQeKTPffXjTEpk; i-LB9Tn6B1RXiAHZEWEK1hYC
https://github.com/swerik-project/riksdagen-motions/blob/main/data/199495/mot-199495-NU-00428.xml,i-82FJELMx7YFRYjpsFj8aw9; i-TySxi8Noi1UEFkA8wbbQTG
https://github.com/swerik-project/riksdagen-motions/blob/main/data/199495/mot-199495-UbU-00035.xml,i-EfLrWUocZwsV2PVnPdzohZ; i-5XfRsyaqsbNGGG3spKFVTH; i-MgqyLN2yypWAiyHpLmZGkg; i-TtTt6tncGj7Z7obngWSti
https://github.com/swerik-project/riksdagen-motions/blob/main/data/199596/mot-199596-FiU-00115.xml,i-AtvKBXC4FZbodCNyRko9RA
https://github.com/swerik-project/riksdagen-motions/blob/main/data/199596/mot-199596-NU-00030.xml,i-5orH1EJN5hP5LGxnLXboj2; i-4wzmEstkwDoqsQwqUhMe6k; i-QkL9NojUdzeRLYoZHg35Cx; i-FaHZVPWVR2eB2WbWdES1dK; i-9BUsH2Bn1bGihptNC5r7uq
https://github.com/swerik-project/riksdagen-motions/blob/main/data/199596/mot-199596-SkU-00009.xml,i-VQ8e4QWrW7Gvhr9MwK6fQ9; i-6kLJbGLpwB9hYxDrVrkcqF
https://github.com/swerik-project/riksdagen-motions/blob/main/data/199697/mot-199697-FiU-00407.xml,i-AZnaWEAg22YQ3HzVMfNSHR; i-QKH1DSWytvVGtUZkzdboRg; i-HpykFSDEKjFd3AQrjBW2xc; i-GvBe798bQfFYpnaboy7YCF; i-VvqVwyrQgUiYjtEt3CpQcM; i-ENka9fRWC7HrGDQTU4F2ah; i-3rnEh52NL7CXPJYcg4p7bD; i-5sxzSZSUx9KLqvREcwz58f; i-4i5vpDVzDizjgGeYkeoK2E; i-MtQDAwnav9eHyeftxbQLvf; i-QkoGcuWJuiryQZaTNFexi4; i-BbWhKN8LYooYPeK77uLHBD; i-D74cdq6EQpWG5dWigfnSSw
https://github.com/swerik-project/riksdagen-motions/blob/main/data/199697/mot-199697-FöU-00049.xml,i-FpZhtERayFHq9rSuxCQ5k5; i-USjy9qPfM1AoHPrniSWX79
https://github.com/swerik-project/riksdagen-motions/blob/main/data/199697/mot-199697-JoU-00520.xml,i-Cj9FYr3Q5sLFjM9zvEVNNE; i-EtZPp558NBkJSFmtZFrnn
https://github.com/swerik-project/riksdagen-motions/blob/main/data/199798/mot-199798-AU-00433.xml,i-BpXx7nwLpg9Po4oYTZPzUj; i-2ggBvfkHRn3s8FvFEPLxjs
https://github.com/swerik-project/riksdagen-motions/blob/main/data/199798/mot-199798-JoU-00072.xml,i-QkL9NojUdzeRLYoZHg35Cx; i-PvJTHCyJiaxUeJhG5osdHg; i-4wzmEstkwDoqsQwqUhMe6k
https://github.com/swerik-project/riksdagen-motions/blob/main/data/199798/mot-199798-UbU-00712.xml,i-2CQ7wMBad8ihMEVBdBSjzx
https://github.com/swerik-project/riksdagen-motions/blob/main/data/199899/mot-199899-KU-00027.xml,i-44hG22iaE6LAaX8WoMPPk3; i-JFL6JXCEtMcVkwJqetmAZs; i-RsJr1rsFNFbn3SapToHxbM; i-Qa1ZufD1xJDN43bJxjLRPB; i-7XJQkFtojnsGkBWJ4ArrFx; i-BAB7JTqwHUAHz87bdy5smY; i-KnfRfemwD98TyCA1A8KCeX
https://github.com/swerik-project/riksdagen-motions/blob/main/data/199899/mot-199899-TU-00515.xml,i-BHVsLDz5YDDkjyE1f5Gzz3
https://github.com/swerik-project/riksdagen-motions/blob/main/data/199899/mot-199899-UU-00620.xml,i-T9dFBJ1pv742mQeG3uLBtA
https://github.com/swerik-project/riksdagen-motions/blob/main/data/19992000/mot-19992000-AU-00270.xml,i-TEFXMjR6WsvCeeLdc2wQ82; i-Dt448JefoURo4sEMRH39aM
https://github.com/swerik-project/riksdagen-motions/blob/main/data/19992000/mot-19992000-SkU-00757.xml,i-KFLLBh5CxVpZkUZaHy3pAz
https://github.com/swerik-project/riksdagen-motions/blob/main/data/19992000/mot-19992000-TU-00522.xml,i-QobwepBp1UESUizVa8aqhL; i-8rgPqLrraP4U2Uu8wEKuJF
https://github.com/swerik-project/riksdagen-motions/blob/main/data/200001/mot-200001-SfU-00236.xml,i-GSfuaZB2iKY7EQ9cNr63sp; i-2ggBvfkHRn3s8FvFEPLxjs; i-VHSPVhF5LjvV5m4yU1W3FJ; i-97ancH8vcZWM84VcKVCDX7; i-S5PCk5aLzcaX5qooYtMdGY; i-EANGVQ7bBDvQLJRQXHptPX; i-85m2VX7KSiTFeJSnapgkxu
https://github.com/swerik-project/riksdagen-motions/blob/main/data/200001/mot-200001-SkU-00690.xml,i-NXNY6RqNuERrrfDVTJBFkt; i-Ev13DrJjHbo85jEmQ5EPLM
https://github.com/swerik-project/riksdagen-motions/blob/main/data/200001/mot-200001-TU-00704.xml,i-6nbWfYQYwqJtM2XLoDTFkR; i-LB9Tn6B1RXiAHZEWEK1hYC; i-6MWLY5JdykMGLLUo96skfp; i-GE8V8xQLUeUXqQYs9agnuG; i-LgwL3h3Wb698c2z8QDDaab; i-XhKn9p4oQVJvYzm2h78jih; i-LiU5ea9nzx8jxEHi7pUpjU; i-MMar3ymewi3De3DPoKYJD8; i-2aZQBvMx8o6ihusfvExbt8
https://github.com/swerik-project/riksdagen-motions/blob/main/data/200102/mot-200102-MJU-00448.xml,i-Qa1ZufD1xJDN43bJxjLRPB; i-7XJQkFtojnsGkBWJ4ArrFx; i-XhKn9p4oQVJvYzm2h78jih; i-2aZQBvMx8o6ihusfvExbt8
https://github.com/swerik-project/riksdagen-motions/blob/main/data/200102/mot-200102-SkU-00459.xml,i-LzYBGnvuhNHdQ7LQKPA6UJ; i-QCRg2KTsg7cQV6CGsVeAfY; i-6nbWfYQYwqJtM2XLoDTFkR; i-KoshphacAWMdvHAZ62MAi2; i-SbqwWiFTQv4uwRAq9u9evX; i-BvxBJicYo5FW1E9fuXk8LW; i-LmkkKmc2XQLDmqAXoGoovP; i-BAB7JTqwHUAHz87bdy5smY; i-Cj9FYr3Q5sLFjM9zvEVNNE; i-LiU5ea9nzx8jxEHi7pUpjU; i-pSqD9LHdbNUrj3thRcKhS; i-SxwXtVqzR6fyXB2uQfozAQ
https://github.com/swerik-project/riksdagen-motions/blob/main/data/200102/mot-200102-UbU-00324.xml,i-Q6uWG1k3pbJio9CebNs3Cz
https://github.com/swerik-project/riksdagen-motions/blob/main/data/200203/mot-200203-MJU-00445.xml,i-2mNEN1Zszf1P35pk3WZQhH; i-FWGPPxcLZRFDrb58TQhLuJ; i-YReAj4T8PWK3QbxXgEneMx; i-PMx51X9QbaLUMtQNq6sVfz
https://github.com/swerik-project/riksdagen-motions/blob/main/data/200203/mot-200203-MJU-00474.xml,i-DSgCixAdAvhSA1u2TeDZQH
https://github.com/swerik-project/riksdagen-motions/blob/main/data/200203/mot-200203-UU-00236.xml,i-LBN95MD8hn6zkXhRBcbJbB; i-PsSysCdjrkuVBAo163T4KM; i-3YBav2r8YXZiNoQkfb1bUy; i-Ybw8JnrmHGCsqpipBke8a7
https://github.com/swerik-project/riksdagen-motions/blob/main/data/200304/mot-200304-JuU-00207.xml,i-9Kt7koTgzUZUA9ovNXYdWj
https://github.com/swerik-project/riksdagen-motions/blob/main/data/200304/mot-200304-SoU-00221.xml,i-991obiMTz36s9V7z3YpuZk; i-6nbWfYQYwqJtM2XLoDTFkR; i-mN8mVTBvBYjtHLNThWLo4; i-GE8V8xQLUeUXqQYs9agnuG; i-LB9Tn6B1RXiAHZEWEK1hYC; i-WTCYyz27itjvuvffL1vZLi
https://github.com/swerik-project/riksdagen-motions/blob/main/data/200304/mot-200304-SoU-00561.xml,i-6gEtTPavyMJxxUX6JZn9LW; i-DDTGf6wkyXKiMd3kYJ4KQv; i-Uxe3rhosBnSZpqJX5d7gpy; i-XvdGNU5wNmbTiaurFoUuPb; i-FL3Tee8NjTSCkq4XGmHcyw
https://github.com/swerik-project/riksdagen-motions/blob/main/data/200405/mot-200405-KU-00220.xml,i-BUsYTbnmyQrtHXSA2gEp9T
https://github.com/swerik-project/riksdagen-motions/blob/main/data/200405/mot-200405-NU-00346.xml,i-A1WkfiAbmndDMThhAvrWEm; i-P9fVT6wJo29FgZWPQLxr6o; i-BoRLrCqi4prCw3N11EyJPF; i-4tAUyrL5FDqt2q3oYkcH9W
https://github.com/swerik-project/riksdagen-motions/blob/main/data/200405/mot-200405-NU-00426.xml,i-2Bind9dyirGQ1UMwS9XjsT; i-C3fSSzQDuoh3kKasHW4AKa; i-5gSCoqgN8cUnJLfPPLD7nv; i-2Gu4ZGJPSHe5VzhGSDaUPk
https://github.com/swerik-project/riksdagen-motions/blob/main/data/200506/mot-200506-MJU-00535.xml,i-GLV4P4jtfPZVZ95YSNxfBh; i-9x2nw6aosA3pyEJfJTc1eD
https://github.com/swerik-project/riksdagen-motions/blob/main/data/200506/mot-200506-UU-00269.xml,i-TECanR77Prb79DHwPvLitN; i-J2F63fdxUFAAeBTYXLX7MZ; i-NLfT4RS4huMCGpWx1zB8Ag; i-VHSPVhF5LjvV5m4yU1W3FJ
https://github.com/swerik-project/riksdagen-motions/blob/main/data/200506/mot-200506-UbU-00329.xml,i-8Nio1rUw3hSjL6pvCGw22Y
https://github.com/swerik-project/riksdagen-motions/blob/main/data/200607/mot-200607-KU-00274.xml,i-Q1WPoNtt1578KMfEZ5TLkK; i-W6BJ44rcZjp5pD28NhHrCf
https://github.com/swerik-project/riksdagen-motions/blob/main/data/200607/mot-200607-SfU-00213.xml,i-122QwSSpyGJQiTJjmrUJCM
https://github.com/swerik-project/riksdagen-motions/blob/main/data/200607/mot-200607-UU-00009.xml,i-34FRvyXQKUigF3Qr9AwKJe; i-2EZPhWWR7yHztg3zN2aNvh; i-9x2nw6aosA3pyEJfJTc1eD; i-YLCb84oKoGK1m8cPa9cw3z; i-Q6UywURdDfH4kXfTm7hwEb
https://github.com/swerik-project/riksdagen-motions/blob/main/data/200708/mot-200708-SfU-00326.xml,i-A1WkfiAbmndDMThhAvrWEm
https://github.com/swerik-project/riksdagen-motions/blob/main/data/200708/mot-200708-TU-00392.xml,i-JfXS8EFEqMfBiyryszrVvW; i-B34sv9ytsiioT1XaQtyXUo
https://github.com/swerik-project/riksdagen-motions/blob/main/data/200708/mot-200708-UU-00332.xml,i-QhURWkawnPDBf443faKewj; i-AHfQ621Fp1orxTGB2WDjUY; i-24CbHNwsRznss4Yas6HseU; i-L3xspgThUxUN1YtSDqcmk8; i-Lkf5FvD1gchUCpgYWfTFLh; i-HUjSZiwF294s3waLDaSH8f; i-Ybw8JnrmHGCsqpipBke8a7; i-CYXB5gc8UwhvnW3jqhdnoq; i-HRPpQ8qPTSDiXRLMZkqL1u; i-WpwTRcdcGLWddgdaUtKiwJ; i-TSGehE1rwudkXFF6bgJHmH; i-WbrCkKzXDH4v9N1NB5PEQS; i-TECanR77Prb79DHwPvLitN; i-Evjo9hsKrPvb3KMyegAipb; i-BZ7PcK8D1efvHXsafGEMKE; i-WG11xmCpAW9nyyXv1sJFAK; i-N9Pi9YpD4nvtCEsVp2CGcX; i-2aZQBvMx8o6ihusfvExbt8; i-K3yJ7rruozYUK99nj91ffc; i-HpwkrkkrFd1MRPixHrr8q1; i-M5o8cYSRJsbmZdvevomfQX; i-W4ZdT3cRpUqSBcZCGKXaji; i-XHzgSBhvzhMtyTsYMbxgy4; i-YU8i88S8eJQ5ZYdJzkoGef
https://github.com/swerik-project/riksdagen-motions/blob/main/data/200809/mot-200809-CU-00448.xml,i-9BUsH2Bn1bGihptNC5r7uq; i-FvpsLGyVJwy2VnAqBbfthX; i-3GrPnM5KDKuSxfWxymYNoC; i-VRHymVx7EsX48sg7b5qmpS; i-Q6UywURdDfH4kXfTm7hwEb; i-34FRvyXQKUigF3Qr9AwKJe; i-SNtv8jZRB19Jr8oegj1mGK; i-SNtv8jZRB19Jr8oegj1mGK; i-UFTZBKNRWWLXUXAtcCcVfH; i-7YbH6oTUwG4Qn94QEVE6as; i-9x2nw6aosA3pyEJfJTc1eD; i-FnYuSnrPcb2UZaoXY7vjXa; i-FfCiJc8kVZcwio9wsCvVkH; i-WG11xmCpAW9nyyXv1sJFAK; i-9hz9iPqymCdhBS9gVoZrbj; i-2GE534P2Foy3WpqKPVNeW8; i-PPtpTU7erj7n8C4rdQihuK; i-2EZPhWWR7yHztg3zN2aNvh; i-5QNmudGpnjjRJCTYzakn9H; i-AYmS6K7Srh7q1Zzbf1nZwW
https://github.com/swerik-project/riksdagen-motions/blob/main/data/200809/mot-200809-KU-00267.xml,i-9xarzmckV5SS8EyJPN5b3x
https://github.com/swerik-project/riksdagen-motions/blob/main/data/200809/mot-200809-SoU-00226.xml,i-L3xspgThUxUN1YtSDqcmk8
https://github.com/swerik-project/riksdagen-motions/blob/main/data/200910/mot-200910-KU-00391.xml,i-425Q6s5GbQ4PVf8MroZHeD
https://github.com/swerik-project/riksdagen-motions/blob/main/data/200910/mot-200910-NU-00425.xml,i-Xc2gauHt5Y4GsTNbgqrrAo; i-SYmctpvT7BxsqFzwPADUfw
https://github.com/swerik-project/riksdagen-motions/blob/main/data/200910/mot-200910-UU-00272.xml,i-HpwkrkkrFd1MRPixHrr8q1; i-JxxHuvwXWsJTZYTnBZLHj; i-CNBy5dFgNNyEozHVpAj93c; i-WTCYyz27itjvuvffL1vZLi; i-6MWLY5JdykMGLLUo96skfp; i-2aZQBvMx8o6ihusfvExbt8; i-K3yJ7rruozYUK99nj91ffc
https://github.com/swerik-project/riksdagen-motions/blob/main/data/201011/mot-201011-CU-00213.xml,i-TifWqzmRuorK3zFDqAUZk8
https://github.com/swerik-project/riksdagen-motions/blob/main/data/201011/mot-201011-KrU-00336.xml,i-Vo3YjbvPDcwbepLXUMMiDZ
https://github.com/swerik-project/riksdagen-motions/blob/main/data/201011/mot-201011-UU-00264.xml,i-24CbHNwsRznss4Yas6HseU; i-TEkdGy8DEUwcbVAxHygs6z; i-6NzqsXjPzSi4BTz8BKo1Rg
https://github.com/swerik-project/riksdagen-motions/blob/main/data/201112/mot-201112-AU-00263.xml,i-PyYxwdbw2KYpXyCWKWHmmT
https://github.com/swerik-project/riksdagen-motions/blob/main/data/201112/mot-201112-FöU-00240.xml,i-2EZPhWWR7yHztg3zN2aNvh; i-34FRvyXQKUigF3Qr9AwKJe; i-FeVXF7pVocmUfQoPXGuJKR
https://github.com/swerik-project/riksdagen-motions/blob/main/data/201112/mot-201112-MJU-00269.xml,i-WG11xmCpAW9nyyXv1sJFAK; i-LSGLGKPPdgKqe7pxwHn9sf; i-V1piU7dAy9T73Gqt6tm91j; i-DLt3BwBDVwBxqxVEki5m5B; i-XSuWURvcJRjSbVSYUBBuD2; i-2GE534P2Foy3WpqKPVNeW8; i-HsGsAzKWHQY5pjyAYNXAz7
https://github.com/swerik-project/riksdagen-motions/blob/main/data/201213/mot-201213-AU-00386.xml,i-7YbH6oTUwG4Qn94QEVE6as; i-FfCiJc8kVZcwio9wsCvVkH; i-SNtv8jZRB19Jr8oegj1mGK; i-9x2nw6aosA3pyEJfJTc1eD; i-C2s3YhmmVmNkgvznmmnD4x; i-Atz7ai4RJKnyNCwfSAJEeC; i-Q6T8pKy9pERdSQEuTcARyR; i-2GE534P2Foy3WpqKPVNeW8; i-HsGsAzKWHQY5pjyAYNXAz7
https://github.com/swerik-project/riksdagen-motions/blob/main/data/201213/mot-201213-MJU-00287.xml,i-Uxe3rhosBnSZpqJX5d7gpy
https://github.com/swerik-project/riksdagen-motions/blob/main/data/201213/mot-201213-NU-00332.xml,i-LSGLGKPPdgKqe7pxwHn9sf; i-FeVXF7pVocmUfQoPXGuJKR; i-WG11xmCpAW9nyyXv1sJFAK; i-XSuWURvcJRjSbVSYUBBuD2; i-VRHymVx7EsX48sg7b5qmpS; i-2EZPhWWR7yHztg3zN2aNvh; i-Atz7ai4RJKnyNCwfSAJEeC
https://github.com/swerik-project/riksdagen-motions/blob/main/data/201314/mot-201314-MJU-00229.xml,i-S1jBpohzgG7cgcBjfgN1Fb
https://github.com/swerik-project/riksdagen-motions/blob/main/data/201314/mot-201314-NU-00284.xml,i-CUvgh8FbAS51NxDGz1KFL7; i-Wg4JiBuxTz9fesArDXiMko
https://github.com/swerik-project/riksdagen-motions/blob/main/data/201314/mot-201314-NU-00299.xml,i-TVwo4mCECu692GW3ntqQzo; i-RZNwwHohbyBgLVVG4Dy1Bj; i-KTYc2rBrcxPNyJRR5s4dQD; i-4d51CJWhx39kVpCvcwxZq8
https://github.com/swerik-project/riksdagen-motions/blob/main/data/201415/mot-201415-NU-02749.xml,i-S1jBpohzgG7cgcBjfgN1Fb
https://github.com/swerik-project/riksdagen-motions/blob/main/data/201415/mot-201415-NU-03098.xml,i-5JKbBodBpCZ1A4ajEWCxPv; i-DF6yJMSNGfT6HwisDSi4qz; i-4dnqFdd2E3dHMPK1WWi5Tx
https://github.com/swerik-project/riksdagen-motions/blob/main/data/201415/mot-201415-SoU-02352.xml,i-Ev6Dx3pWj2WT32VGQpabaz; i-RgiFneJos5UFYxcw7xkPxz
https://github.com/swerik-project/riksdagen-motions/blob/main/data/201516/mot-201516-AU-02806.xml,i-iThmkGNxBe7XUsT8b92pZ
https://github.com/swerik-project/riksdagen-motions/blob/main/data/201516/mot-201516-KrU-00050.xml,i-7Gy2xwC7Jyimjy9QTKnQEf; i-Beux79YM43dDCxrVuBqfWw; i-8voj19hLWTGJHkxNP79tRb; i-7EGhEVdWhirq9oiHvVcrQR; i-3SiHjpmKqDX1ahURx9ZWt3; i-9XTMNkDLu5u66FsWiwysh1; i-B4hV7rgBZqLtXzSvZhQHbo
https://github.com/swerik-project/riksdagen-motions/blob/main/data/201516/mot-201516-UbU-01921.xml,i-XScHuZhUG7vGfDLenjxRiL
https://github.com/swerik-project/riksdagen-motions/blob/main/data/201617/mot-201617-JuU-03177.xml,i-PBSxPmi2qJkmc16jpZDA6Y
https://github.com/swerik-project/riksdagen-motions/blob/main/data/201617/mot-201617-NU-01301.xml,i-VRHymVx7EsX48sg7b5qmpS
https://github.com/swerik-project/riksdagen-motions/blob/main/data/201617/mot-201617-UbU-00282.xml,i-Ev6Dx3pWj2WT32VGQpabaz; i-pxoYe2yJTd56QvbXJ8RGr
https://github.com/swerik-project/riksdagen-motions/blob/main/data/201718/mot-201718-MJU-00824.xml,i-BNs9NctwwvjUQnQxyESNVd
https://github.com/swerik-project/riksdagen-motions/blob/main/data/201718/mot-201718-MJU-01181.xml,i-JyuoWkg9RUZd3XVSA6MfE6
https://github.com/swerik-project/riksdagen-motions/blob/main/data/201718/mot-201718-UU-02681.xml,i-GLpGALNASBTHSmgDcbTu4m; i-YG3se2hZeuEdiGKSwKyaKF; i-X74MvWzSQtfREMzLLMbjc7; i-9bqWLXmB7Cb3r3JUmkkLBy; i-B34sv9ytsiioT1XaQtyXUo; i-EgqHRHVoW5y9USDYuNoYuA; i-5NG8haprnyzzwKpK9HjwGZ; i-4d51CJWhx39kVpCvcwxZq8; i-TifWqzmRuorK3zFDqAUZk8; i-V94NXHxQRsQu6mMDHyZAxs; i-HA8qZKZU3je8nF69VtPrqk
https://github.com/swerik-project/riksdagen-motions/blob/main/data/201819/mot-201819-CU-03043.xml,i-9fmcZcGuiE51S4XGih65wn; i-8fLDFKe7DukdiZtVTQStKM; i-4up3MKHRwxhpoLfZgub9Fu
https://github.com/swerik-project/riksdagen-motions/blob/main/data/201819/mot-201819-TU-02899.xml,i-AFto3gTmjTfTgomtq31hLZ; i-Kc3AcmXkcmGKhXRxHt6DUP; i-S1jBpohzgG7cgcBjfgN1Fb; i-3yGB8i2p5vZhm4Sy536rgC; i-73o5S2z3dmzixAt7gzz34E
https://github.com/swerik-project/riksdagen-motions/blob/main/data/201819/mot-201819-UbU-02933.xml,i-RaMkfMt8MzwfqAxncChJEu; i-5kLPqJYKuXdEi7mU2QqyGZ; i-Apyf3DsrtN2zmshEtt35Qo; i-J3vB7EYXWFGfYPGahysXrd
https://github.com/swerik-project/riksdagen-motions/blob/main/data/201920/mot-201920-SoU-02399.xml,i-73o5S2z3dmzixAt7gzz34E; i-DGTHVhbApAq9J741uJW2uT; 
https://github.com/swerik-project/riksdagen-motions/blob/main/data/201920/mot-201920-TU-00896.xml,i-8LDEcfmJoNdnZMCPvSjiNu
https://github.com/swerik-project/riksdagen-motions/blob/main/data/201920/mot-201920-UbU-00052.xml,i-ChDzdZDYwg4X9oGXyFy8Ta; i-5kLPqJYKuXdEi7mU2QqyGZ; i-Apyf3DsrtN2zmshEtt35Qo; i-J3vB7EYXWFGfYPGahysXrd
https://github.com/swerik-project/riksdagen-motions/blob/main/data/202021/mot-202021-KU-02266.xml,i-S1jBpohzgG7cgcBjfgN1Fb
https://github.com/swerik-project/riksdagen-motions/blob/main/data/202021/mot-202021-SkU-03220.xml,i-26JwMpJPh7ufEnA9hhtP9j; i-Mf3zjD1SVGBHTEHbp1Vz4A; i-56GdsFT6s6AKjKP51Hrmn5; i-WwZzVPGhpXnyH5jyp86JB7; i-XHzgSBhvzhMtyTsYMbxgy4
https://github.com/swerik-project/riksdagen-motions/blob/main/data/202021/mot-202021-SoU-01758.xml,i-Apyf3DsrtN2zmshEtt35Qo; i-5sQf8wA27pVo43qpEZ2jUa
https://github.com/swerik-project/riksdagen-motions/blob/main/data/202122/mot-202122-CU-01505.xml,i-WwZzVPGhpXnyH5jyp86JB7
https://github.com/swerik-project/riksdagen-motions/blob/main/data/202122/mot-202122-NU-00397.xml,i-TFG2PW7ay7mUZBy2GoJDbV
https://github.com/swerik-project/riksdagen-motions/blob/main/data/202122/mot-202122-SfU-02928.xml,i-Lw92TAaAVgG8Kdf7YxhViy; i-TXWjMfPNdu6NddKf5hSeRx
https://github.com/swerik-project/riksdagen-motions/blob/main/data/202223/mot-202223-CU-01899.xml,i-S1jBpohzgG7cgcBjfgN1Fb
https://github.com/swerik-project/riksdagen-motions/blob/main/data/202223/mot-202223-SoU-00085.xml,i-9XTMNkDLu5u66FsWiwysh1; i-DthTyR9U9R8S6NVcPNcNQA; i-Xte2hVf6qgEgJA6sWB1cDH; i-3SiHjpmKqDX1ahURx9ZWt3; i-QrNvzg6SGj92wj2YY77ZNA; i-Xbq1HVkxhCYVmfPLN63HRo; i-EgXqeVnPhVAxu5tLpK9F8M
https://github.com/swerik-project/riksdagen-motions/blob/main/data/202223/mot-202223-UbU-02079.xml,i-JQCU38kBabAgvaTVEnxBqL
https://github.com/swerik-project/riksdagen-motions/blob/main/data/202324/mot-202324-CU-02193.xml,i-S1jBpohzgG7cgcBjfgN1Fb
https://github.com/swerik-project/riksdagen-motions/blob/main/data/202324/mot-202324-SoU-02653.xml,i-9P5NZaksQybZxn8tBxUxvh; i-2HFQhchqUWZTJKFYz4PjBu; i-8fLDFKe7DukdiZtVTQStKM; i-Vk3BD1VwPAAm9tVnGHJL8B; i-EE6FRts3Vi6U8EPsiGPPgm; i-Uq8cgRMrRNcxY3QYetppCT
https://github.com/swerik-project/riksdagen-motions/blob/main/data/202324/mot-202324-TU-01997.xml,i-SHwqJX3QmUDS4ynvAk16a; i-Rkuvz2uZsGGCtRXDRZK2YV